tweet_id,label,prediction,prediction_confidence,jihadi_probability,source_file,text,model_text,prob_Irrelevant,prob_Salafi jihadi,prob_Salafi taklidi
3tge0degu,Salafi jihadi,Irrelevant,0.4393865443928806,0.4209078496649315,python/tweetsFromSite/tweets_from_site4.csv,"""This is a nasheed of Chechen Mujahideen fighting against the Russians in Chechnya in 2001

May Allah destroy the Russian State and free the millions of Muslims from under their occupation.","""This is a nasheed of Chechen Mujahideen fighting against the Russians in Chechnya in 2001 May Allah destroy the Russian State and free the millions of Muslims from under their occupation.",0.4393865443928806,0.4209078496649315,0.1397056059421878
nz22ysk83,Salafi jihadi,Irrelevant,0.4177608328277514,0.4167830280526693,python/tweetsFromSite/tweets_from_the_site1.csv,"""Whoever doesn't takfr the kfir is a kfir.""

And by being too extreme and unjustly takfring Muslims in unclear matters or out of assumption - you may fall under the Messenger 's statement: ""If a man says to his brother, 'O kfir,' then surely one of them are such."",17.0","""Whoever doesn't takfr the kfir is a kfir."" And by being too extreme and unjustly takfring Muslims in unclear matters or out of assumption - you may fall under the Messenger 's statement: ""If a man says to his brother, 'O kfir,' then surely one of them are such."",17.0",0.4177608328277514,0.4167830280526693,0.1654561391195791
9b8io9a9m,Salafi jihadi,Irrelevant,0.4037276439972245,0.3962797051376209,python/tweetsFromSite/tweets_from_the_site1.csv,"""""American embassies in the Islamic world are not like other embassies. Rather, they are embassies that perform an intelligence role and seek to extend American influence in Muslim lands. The ongoing war against Islam,  including the war against jihad (which they call terrorism) and the spread of the democratic creed,  is all planned from within these embassies.

American embassies present in Muslim lands have no legal (shar') status whatsoever. Indeed, the religious obligation requires severing relations with the American government and expelling its ambassadors, since it is a state at war with Islam and occupying Muslim lands.""

Shaykh Abu Mundhir as Shanqiti"",","""""American embassies in the Islamic world are not like other embassies. Rather, they are embassies that perform an intelligence role and seek to extend American influence in Muslim lands. The ongoing war against Islam, including the war against jihad (which they call terrorism) and the spread of the democratic creed, is all planned from within these embassies. American embassies present in Muslim lands have no legal (shar') status whatsoever. Indeed, the religious obligation requires severing relations with the American government and expelling its ambassadors, since it is a state at war with Islam and occupying Muslim lands."" Shaykh Abu Mundhir as Shanqiti"",",0.4037276439972245,0.3962797051376209,0.1999926508651546
xicm5oztz,Salafi jihadi,Irrelevant,0.4473407866806589,0.3881283934181442,python/tweetsFromSite/tweets_from_site4.csv,"Seeing the most stupid discussions and q and as in madkhali circles like should one sway whilst reciting Quran or Covid mask nonsense, these deviants are lost.","Seeing the most stupid discussions and q and as in madkhali circles like should one sway whilst reciting Quran or Covid mask nonsense, these deviants are lost.",0.4473407866806589,0.3881283934181442,0.1645308199011967
a3z8bnt80,Salafi jihadi,Irrelevant,0.449251975506501,0.3838429008842128,python/tweetsFromSite/tweets_from_site4.csv,"""These madkhalis are genuinely heartless, vile and completely stripped of any real sense of mercy. Pray you never get tested with the very things you laugh at and wish on others and pray ur own womenfolk are never put in those same conditions detained, abused, stripped of dignity""","""These madkhalis are genuinely heartless, vile and completely stripped of any real sense of mercy. Pray you never get tested with the very things you laugh at and wish on others and pray ur own womenfolk are never put in those same conditions detained, abused, stripped of dignity""",0.449251975506501,0.3838429008842128,0.1669051236092862
v6om43vit,Salafi jihadi,Irrelevant,0.4001153945788648,0.3809537023591525,python/tweetsFromSite/tweets_from_site4.csv,"""Dans lexplication de la Aqida at-Tahawiya du shaykh Hamud Ibn Uqla ash-Shuaybi  , Le shaykh explique que le critre du bonheur et du malheur est la fin sur laquelle la personne meurt","""Dans lexplication de la Aqida at-Tahawiya du shaykh Hamud Ibn Uqla ash-Shuaybi , Le shaykh explique que le critre du bonheur et du malheur est la fin sur laquelle la personne meurt",0.4001153945788648,0.3809537023591525,0.2189309030619827
42qfh2n3q,Salafi jihadi,Irrelevant,0.4079931592402582,0.3736775622938063,python/tweetsFromSite/tweets_from_site4.csv,"Desi Ikhwanis are arguably the most pathetic people in this region. While they present themselves as devoutly Islamic, they simultaneously support tyrants who openly oppress Muslims. They do this merely because it serves their agenda and ensures the survival of their...","Desi Ikhwanis are arguably the most pathetic people in this region. While they present themselves as devoutly Islamic, they simultaneously support tyrants who openly oppress Muslims. They do this merely because it serves their agenda and ensures the survival of their...",0.4079931592402582,0.3736775622938063,0.2183292784659354
155vmicah,Salafi jihadi,Irrelevant,0.4280134305012127,0.3716606610725794,python/tweetsFromSite/tweets_from_site4.csv,"""""None of those things are worse than suicide bombing, banning female education, bacha bazi 

All things the so called ""Islamic Emirate"" thrive in 

Want to know the aqeeda of many Afghans? Not a single Muslim nation has full diplomatic relations with them""
""
--------------

Shirk and Kufr are worse than anything.","""""None of those things are worse than suicide bombing, banning female education, bacha bazi All things the so called ""Islamic Emirate"" thrive in Want to know the aqeeda of many Afghans? Not a single Muslim nation has full diplomatic relations with them"" "" -------------- Shirk and Kufr are worse than anything.",0.4280134305012127,0.3716606610725794,0.2003259084262078
d6ngho5al,Salafi jihadi,Irrelevant,0.5101991507897775,0.3681290819901383,python/tweetsFromSite/tweets_from_site4.csv,"""""This is for every head of state that simps/salutes Trump thinking he would respect them in return. He knows youre kissing his ass and he will squeeze you for every last drop of utility then discard you. 

 
""
--------------

Madkhali's favourite leader MBS is kissing trump's butt, this is the respect your murtad leaders get in return.","""""This is for every head of state that simps/salutes Trump thinking he would respect them in return. He knows youre kissing his ass and he will squeeze you for every last drop of utility then discard you. "" -------------- Madkhali's favourite leader MBS is kissing trump's butt, this is the respect your murtad leaders get in return.",0.5101991507897775,0.3681290819901383,0.1216717672200841
ba72p8p77,Salafi jihadi,Irrelevant,0.3844044408754717,0.363725803210551,python/tweetsFromSite/tweets_from_site5.csv,"""This individual was inciting against rebellions after Syria fell to HTS.

He says this yet, if we apply this today then all of a sudden Maslaha, Wallahi do not be chaotic

Every Mujahideen group they label Khariji and they warn against.

A people of slogans and no substance.""","""This individual was inciting against rebellions after Syria fell to HTS. He says this yet, if we apply this today then all of a sudden Maslaha, Wallahi do not be chaotic Every Mujahideen group they label Khariji and they warn against. A people of slogans and no substance.""",0.3844044408754717,0.363725803210551,0.2518697559139773
0pgc90icu,Salafi jihadi,Irrelevant,0.4622711069569514,0.3577827656903696,python/tweetsFromSite/tweets_from_site4.csv,"""""@unveilingbaatil @ameeniooo Buddy youre the same guy that was too afraid to rise on the panel after we asked you to rise but you stayed in the comments like a good little boy sticking to your script.""
""
--------------

Want to explain why your ustad Shamsi, affirms Islam for Quburi and caller to shirk Asrar Rashid ? Or are you going to remain silent as you did on the TikTok live","""""@USER @USER Buddy youre the same guy that was too afraid to rise on the panel after we asked you to rise but you stayed in the comments like a good little boy sticking to your script."" "" -------------- Want to explain why your ustad Shamsi, affirms Islam for Quburi and caller to shirk Asrar Rashid ? Or are you going to remain silent as you did on the TikTok live",0.4622711069569514,0.3577827656903696,0.1799461273526791
yck8l93m3,Salafi jihadi,Salafi taklidi,0.4621993736939659,0.3531961692650522,python/tweetsFromSite/tweets_from_site5.csv,"""Shaykh Ahmad, May Allah protect him, is a thorn inside murji'a throats.

May Allah increase the shaykh howevermuch they hate it","""Shaykh Ahmad, May Allah protect him, is a thorn inside murji'a throats. May Allah increase the shaykh howevermuch they hate it",0.1846044570409817,0.3531961692650522,0.4621993736939659
4bt55znbg,Salafi jihadi,Irrelevant,0.4429167559229933,0.3474121199652876,python/tweetsFromSite/tweets_from_site5.csv,"""""Going through the worst crisis of load shedding but winning diplomatically!
This is Pakistan..!""
""
--------------

Desi ikhwanis have a Stockholm syndrome for tyrants like Asim Munir for some reason.","""""Going through the worst crisis of load shedding but winning diplomatically! This is Pakistan..!"" "" -------------- Desi ikhwanis have a Stockholm syndrome for tyrants like Asim Munir for some reason.",0.4429167559229933,0.3474121199652876,0.2096711241117189
3g6ng3qwz,Salafi jihadi,Salafi taklidi,0.4551302014392382,0.3448818206380801,python/tweetsFromSite/tweets_from_site4.csv,"""""New Publication (2026)

Defending the Scholars from the Accusation of Irj

Refuting the claims of the adddiyyah (Abd Allh al-Jarb, Amad al-zim, Hishm al-Beely etc.), that Shks. al-Albn,  Rab and others are upon Irj.

140 pages, A5
 
""
--------------

Madkhalis are finished","""""New Publication (2026) Defending the Scholars from the Accusation of Irj Refuting the claims of the adddiyyah (Abd Allh al-Jarb, Amad al-zim, Hishm al-Beely etc.), that Shks. al-Albn, Rab and others are upon Irj. 140 pages, A5 "" -------------- Madkhalis are finished",0.1999879779226815,0.3448818206380801,0.4551302014392382
x5zudbl30,Salafi jihadi,Salafi taklidi,0.4461043953858304,0.3262005132419127,python/tweetsFromSite/tweets_from_site5.csv,"Shaykh Abu Al al-asan said,

Dont be surprised by the actions, behavior or stances of the Madkhilahfor they are vile traitors.

If a person becomes slave to the ruler, then expect from him every evil action.

A Madkhal feels no shame to act as a pimp for his authority.","Shaykh Abu Al al-asan said, Dont be surprised by the actions, behavior or stances of the Madkhilahfor they are vile traitors. If a person becomes slave to the ruler, then expect from him every evil action. A Madkhal feels no shame to act as a pimp for his authority.",0.2276950913722568,0.3262005132419127,0.4461043953858304
mcprxdo6q,Salafi jihadi,Salafi taklidi,0.352599968723723,0.3033996944729318,python/tweetsFromSite/tweets_from_site4.csv,When sheikh uthaymeen was a khariji,When sheikh uthaymeen was a khariji,0.3440003368033452,0.3033996944729318,0.352599968723723
u6s1rx8zb,Salafi jihadi,Irrelevant,0.5340634826574984,0.2806177110803517,python/tweetsFromSite/tests_from_site4.csv,"Sheikh   : 

 Beware of defending or praising Tawaghit, otherwise you will be complicit in all their crimes..","Sheikh : Beware of defending or praising Tawaghit, otherwise you will be complicit in all their crimes..",0.5340634826574984,0.2806177110803517,0.1853188062621499
8622ba448,Salafi jihadi,Irrelevant,0.5472696204084075,0.2793201481889772,python/tweetsFromSite/tweets_from_site4.csv,Turn your comments on you lil madkhali scared chicken  let me expose you and your teacher shamsi,Turn your comments on you lil madkhali scared chicken let me expose you and your teacher shamsi,0.5472696204084075,0.2793201481889772,0.1734102314026153
edzc2i40j,Salafi jihadi,Irrelevant,0.5393538441075314,0.2775096521419162,python/tweetsFromSite/tweets_from_site4.csv,"""""@warfareanalysis &amp; before that US managed to kill at least 500 000 babies below 5 years old as a result of the blockade 
""
--------------

Watch this
And tell me again you respect the poor Shuyukh that didnt know better and allowed these atrocities to happen via their evil fatwa
Indirectly they had a hand in the murder of hundred of thousands children  
May Allah judge them accordingly","""""@USER &amp; before that US managed to kill at least 500 000 babies below 5 years old as a result of the blockade "" -------------- Watch this And tell me again you respect the poor Shuyukh that didnt know better and allowed these atrocities to happen via their evil fatwa Indirectly they had a hand in the murder of hundred of thousands children May Allah judge them accordingly",0.5393538441075314,0.2775096521419162,0.1831365037505523
78yyt0f6b,Salafi jihadi,Irrelevant,0.5627810273723235,0.2699211931493358,python/tweetsFromSite/tweets_from_site5.csv,"""""Amjad Rafeeq expects people to sign such retractions (see below). Maybe he needs to apply this to himself and draft one up to sign? @AbuIyaadSP 
""
--------------

This is hilarious, because they had no problem with this contract for 10 years until their fallout with Abu Iyaad

How am I meant to take you people seriously when you cant even hold your own to account","""""Amjad Rafeeq expects people to sign such retractions (see below). Maybe he needs to apply this to himself and draft one up to sign? @USER "" -------------- This is hilarious, because they had no problem with this contract for 10 years until their fallout with Abu Iyaad How am I meant to take you people seriously when you cant even hold your own to account",0.5627810273723235,0.2699211931493358,0.1672977794783406
cfi3jhp9y,Salafi jihadi,Irrelevant,0.6104009545849906,0.2689202637928778,python/tweetsFromSite/tweets_from_the_site1.csv,"""""..Dont Deceive The Muslims .. 
""
--------------

Funny how this Munafiq is speaking about Iran allying with America what about your Taghut kingdomof Saudi Arabia ya Munafiq 
(Check thread),","""""..Dont Deceive The Muslims .. "" -------------- Funny how this Munafiq is speaking about Iran allying with America what about your Taghut kingdomof Saudi Arabia ya Munafiq (Check thread),",0.6104009545849906,0.2689202637928778,0.1206787816221315
xm0zma5hp,Salafi jihadi,Salafi taklidi,0.4103764668765599,0.2626969287895159,python/tweetsFromSite/tweets_from_site5.csv,""""" Abu khaled al-Faransi / Stalwart in his faith ""

- IRAQ .",""""" Abu khaled al-Faransi / Stalwart in his faith "" - IRAQ .",0.3269266043339241,0.2626969287895159,0.4103764668765599
evtgl9e0t,Salafi jihadi,Irrelevant,0.458614233843668,0.2440941882909291,python/tweetsFromSite/tweets_from_site4.csv,"New crazy laws under the Sufi regime in Afghanistan: 

Attributes of a Da'e below : 
 Must be a Muslim and from the Hanafi school of thought 

 Prohibiting a non-Hanafi from preaching

[ Basically if you are a salafi / ahlul hadith then you have no right preach ]",New crazy laws under the Sufi regime in Afghanistan: Attributes of a Da'e below : Must be a Muslim and from the Hanafi school of thought Prohibiting a non-Hanafi from preaching [ Basically if you are a salafi / ahlul hadith then you have no right preach ],0.458614233843668,0.2440941882909291,0.2972915778654029
q16oobs9m,Salafi jihadi,Salafi taklidi,0.4000013819663216,0.2391073119259832,python/tweetsFromSite/tweets_from_site5.csv,"""Do They Seek Honour &amp; Power Through The Disbelievers?  
Abu Hanzala
A good reminder for the sellouts and traitors","""Do They Seek Honour &amp; Power Through The Disbelievers? Abu Hanzala A good reminder for the sellouts and traitors",0.360891306107695,0.2391073119259832,0.4000013819663216
6gkt82s0y,Salafi jihadi,Irrelevant,0.5301074566042178,0.2272672391969975,python/tweetsFromSite/tweets_from_site4.csv,"""Why is it always pro Gulf Mashaykh who say this?
Very easy
The Gulf today has same origins as Sykes Picot and colonial creation of Israel by Brit crusaders
They lived under Pax Britannica and now under Pax Americana
Thats why day and night they do nothing but attack Palestinians""","""Why is it always pro Gulf Mashaykh who say this? Very easy The Gulf today has same origins as Sykes Picot and colonial creation of Israel by Brit crusaders They lived under Pax Britannica and now under Pax Americana Thats why day and night they do nothing but attack Palestinians""",0.5301074566042178,0.2272672391969975,0.2426253041987846
vvnjw81td,Salafi jihadi,Irrelevant,0.6601113844671372,0.2027757891916104,python/tweetsFromSite/tests_from_site4.csv,"""@maghribii16 This is simply not true! JNIM also mobilized fighters from central Mali and Burkina Faso and fought alongside Tuareg Sahawat MSA and GATIA.

Nevertheless, IS-Sahel was able to defeat both JNIM and the Tuareg Sahawat at Menaka in 2023:","""@USER This is simply not true! JNIM also mobilized fighters from central Mali and Burkina Faso and fought alongside Tuareg Sahawat MSA and GATIA. Nevertheless, IS-Sahel was able to defeat both JNIM and the Tuareg Sahawat at Menaka in 2023:",0.6601113844671372,0.2027757891916104,0.1371128263412522
5tppsyss1,Salafi jihadi,Irrelevant,0.6587340413427802,0.2009021997938616,python/tweetsFromSite/tweets_from_the_site1.csv,"""""BREAKING: The U.S. State Department has ordered American diplomats to leave Saudi Arabia after drone attacks near the U.S. Embassy in Riyadh.

Source: NYT""
""
--------------

No, please stay put in the Land of Tawheed,","""""BREAKING: The U.S. State Department has ordered American diplomats to leave Saudi Arabia after drone attacks near the U.S. Embassy in Riyadh. Source: NYT"" "" -------------- No, please stay put in the Land of Tawheed,",0.6587340413427802,0.2009021997938616,0.1403637588633582
om0ej33p1,Salafi jihadi,Irrelevant,0.4453433705335741,0.1847943031622881,python/tweetsFromSite/tweets_from_site4.csv,"""Si ibn Taymiyyah tait vivant aujourdhui il taurait dclar mcrant""","""Si ibn Taymiyyah tait vivant aujourdhui il taurait dclar mcrant""",0.4453433705335741,0.1847943031622881,0.3698623263041378
