Tweet ID,text,Final Decision,Assigned To,Label_eden,Reasons_eden,Label_lior,Reasons_lior,Label_ofek,Reasons_ofek,Label_אורי כהן,Reasons_אורי כהן,Label_אילון כהן,Reasons_אילון כהן,Label_אריאל כהן,Reasons_אריאל כהן,Label_בנימין ווליך,Reasons_בנימין ווליך,Label_הודיה עופרי,Reasons_הודיה עופרי,Label_הילי חכמי,Reasons_הילי חכמי,Label_זיו חסון,Reasons_זיו חסון,Label_ענה-יה אך,Reasons_ענה-יה אך,Label_צבי גופרי,Reasons_צבי גופרי,Label_תומר חוכימה,Reasons_תומר חוכימה,label_Salafi jihadi,label_Salafi taklidi,label_Irrelevant
ry1vc5t70,"""""Why do people encourage people to speak about things, even if they may have no knowledge about it? If you want to make a difference, you dont make the whole world speak. You ask the people with knowledge to speak""
""
--------------

This brother made a very good point .
Most of us dont even know the entirety of juz Amma , what makes you think you can discuss the differences between Ahkaam and aqidah ?

It is known from our pious predecessors that the foundation of gaining ilm was to memorise the entire Quran before studying rullings , ilmul Hadith , jarh wa tadeel etc  . So if you cannot do that then stay silent until you have done so .

Theres a famous story between imam Abu hanifah and Imam Muhammad Bin Hassan Ash-Shaybaani. 
Ash-Shaybaani wanted to enter and sit with Abu Hanifah during his duroos . But Abu Hanfiah had stipulated a condition and that was to first go memorise the Quran and then come back once he had completed . 
Imam Muhammad was so eager that he memorised the words of Allah  entirely in just 8 days .

So, if you want to succeed as a student of knowledge, do Hifz Ul-Quran , then continue with your further studies . You cannot master one and leave the other out , they both go hand in hand . 

May Allah grant us to be great Huffz and allow the words of Allah to enter our hearts",Irrelevant,בנימין ווליך;צבי גופרי,,,,,,,,,,,,,Irrelevant,,,,,,,,,,Irrelevant,,,,0.0005744961,0.98541695,0.014008604
q35hd9z8k,"""""Mali : Russian mercenaries are being kicked out of Kidal unceremoniously as FLA Tuareg rebels send them their regards.

Like Karabakh in 2023, and Syria in 2024, the Russians refuse to fight when things got tough, and are being showed the door as a result. 
""
--------------

Been saying for ages that Russia is legitimately the worst ally to have lmfao. Genuinely pathetic and incompetent clowns, acted all tough r*ping Niqaabis and burning down villages and as soon as real men step up, they get smoked and ran away. Sahel governments are clowns",Irrelevant,זיו חסון;בנימין ווליך,,,,,,,,,,,,,Irrelevant,,,,,,Irrelevant,,,,,,,,0.9688357,0.0007523718,0.030411908
9x1gre4ng,"""""I will gather all the 'Mullahs' (Muslims) and feed them pork.""

Bhupesh Joshithe Uttarakhand State Chief of the Kali Sena (Dehradun)hurled abuses at and physically assaulted a Muslim man, accusing him of feeding beef to his artisan.",Irrelevant,זיו חסון;בנימין ווליך,,,,,,,,,,,,,Irrelevant,,,,,,Irrelevant,,,,,,,,0.025243174,0.012833578,0.9619233
ywy7fecz5,"""These are the real followers of Moses. They make the Children of Israel proud. 

If they are real followers of Moses they are going to Paradise, as Moses would follow Prophet Muhammad  if alive.

Yasir Qadhi cannot be trusted nor relied upon. His instability is blatant.",Salafi taklidi,הודיה עופרי,,,,,,,,,,,,,,,Salafi taklidi,,,,,,,,,,,,0.9875693,0.0085925935,0.003838155
60iu6jkx3,"""In 1989

Sh Albani to Sh Saleh:

Takfiris love you

...

Sh Saleh l-Shaykh on kufr of Libya, Egypt, Tunisia, Syria, Kuwait govs:

Now there are two issues [of major kufr]: I have given examples of the firstnamely, the issue of takm by the sharah.",Salafi taklidi,זיו חסון,,,,,,,,,,,,,,,,,,,Salafi taklidi,,,,,,,,0.99764675,0.00095671735,0.0013966132
pbxj9juz0,"Someone who I know very well said to me, this Ramadan his old uncle who's a Salafi was beat up by the taliban because he said "" Ameen "" loud behind the (Hanafi) Imam. The uncle's eyes were swollen when he saw him. 
This was in Jalalabad,  Nangrahar. 

May Allah protect Salafis",Salafi taklidi,בנימין ווליך,,,,,,,,,,,,,Salafi taklidi,,,,,,,,,,,,,,0.16498274,0.7401623,0.09485499
5cab71hns,"Imm al-jurr said:

It is disgraceful for Muslims to be ignorant of the virtues of their Prophet , and the honour and blessings that Allah The Almighty has bestowed upon him in this world and the hereafter.

[ash-Sharah, 1/301]",Irrelevant,אילון כהן;זיו חסון,,,,,,,,,Irrelevant,,,,,,,,,,Salafi taklidi,,,,,,,,0.0010992965,0.07734753,0.92155313
u6s1rx8zb,"Sheikh   : 

 Beware of defending or praising Tawaghit, otherwise you will be complicit in all their crimes..",Salafi jihadi,הודיה עופרי;אילון כהן,,,,,,,,,Salafi jihadi,א. האשמה בכפירה של שליטי ערב,,,,,Salafi jihadi,א. האשמה בכפירה של שליטי ערב,,,,,,,,,,,0.99828726,0.001522432,0.0001902431
kyyk0nttt,"Spubs Shaykh Nizar bin Hashim al-Abbas has a whole audio about current affairs including A warning against the Emirati state.

Why isnt Nizar an Ikhwani Qutbi Khariji Sururi Takfiri for this? He was making Du'a for the Emirates back in 2016, what changed?",Salafi jihadi,הילי חכמי;אריאל כהן,,,,,,,,,,,Salafi jihadi,ביקורת על סלאפים תקלידיים,,,,,Salafi jihadi,ביקורת על סלאפים תקלידיים,,,,,,,,,0.9985495,0.0010296875,0.00042081132
hauabm1l0,"My Shaykh was a Wali of Allah, you dont understand.

The Shaykh hes talking about:",Irrelevant,הודיה עופרי;אילון כהן,,,,,,,,,Irrelevant,,,,,,Irrelevant,,,,,,,,,,,,0.09874107,0.8978336,0.0034253309
tsldo2lni,"Do not walk with the sinner, lest you learn from his wickedness.
Do not reveal your secrets to him.
And do not consult anyone regarding your affair except those who fear Allah.

[Al-db al-Shariyyah (4/223)]",Irrelevant,בנימין ווליך;צבי גופרי,,,,,,,,,,,,,Irrelevant,,,,,,,,,,Irrelevant,,,,0.0011078964,0.09072026,0.90817195
la4u9jo6s,"""""When we attack its so sad to see the Ummah fighting 

When they attack, no one cares. 

Defend your home. No matter who is invading it. TTP isnt a Rightful Caliphate that you submit to their attacks, bomb them wherever they are.""
""
--------------

They call themselves salafi but in reality they are upon the way of the munafiqeen, May Allah protect us from such a filthy ideology.",Salafi jihadi,זיו חסון,,,,,,,,,,,,,,,,,,,Salafi jihadi,ז. תמיכה בארגוני טרור,,,,,,,0.994699,0.0026144306,0.0026866565
odvriguq3,"When you point out the kufr and shirk of the awtthat are worshipped by the Madkhilah heretics

Instead of addressing, they start testing you on definitions and rulings of purification.

Look what Imm Muammad bin Abdul Wahhb and a senior perished Madkhal scholar said.",Salafi jihadi,אילון כהן;זיו חסון,,,,,,,,,Salafi jihadi,ד. תמיכה בתכפיר קולקטיבי; ביקורת על סלאפים תקלידיים,,,,,,,,,Salafi jihadi,ביקורת על סלאפים תקלידיים,,,,,,,0.99341005,0.0062563512,0.0003335702
4liz9n724,"Can you or anyone else give me one example of a Muslim company that is into Defense and technology for the Muslim Ummah? 
We all would gladly invest into it and send our children to work for this company 
Name me one",Irrelevant,אריאל כהן,,,,,,,,,,,Irrelevant,,,,,,,,,,,,,,,,0.06705064,0.13408847,0.79886085
c4ua5am66,"""A sect is emerging that will make the Madhkalees look like the Khawarij. They will include amongst them those that claim to be Salafi and Sufi.",Salafi jihadi,צבי גופרי;הילי חכמי,,,,,,,,,,,,,,,,,Salafi jihadi,ביקורת על סלאפים תקלידיים,,,,,Salafi taklidi,,,,0.0029913825,0.8145361,0.18247254
0vmxezl3z,"""""scholars belonging to their own creed, and etc. 

Everyone knows the tyranny of Asim Munir, but Asrar continues on with his bootlicking despite what occurred to TLP.

Asrar Rashid is still embraced by the Dawah Mafia. 
""
--------------

Btw as much as I hate Assad Rashid, I must say that you should also condemn the so called defenders of Sunnis from Pak whom are no different than this idiot.

They act anti-Iran and anti-Israel but at the same time praise Asim Munir like Assadists praise Assad (minus the shirk.)",Salafi jihadi,הילי חכמי,,,,,,,,,,,,,,,,,Salafi jihadi,ב. ביטויי גנאי או האשמה בכפירה של חכמי הלכה,,,,,,,,,0.99561983,0.0024519318,0.0019281928
mizinqp5n,"""Imam AbdulGhani al-Maqdisi al-anbali (d. 600 AH) said:

Whoever does not say that these letters [of the Quran] are the very Speech of Allah, exalted is He, has departed from the religion and gone out from the ranks of the Muslims...",Irrelevant,הילי חכמי;אריאל כהן,,,,,,,,,,,Irrelevant,,,,,,Salafi taklidi,,,,,,,,,,0.058919467,0.07541461,0.865666
xr18wy18k,"""Shaykh Muqbil

- Am*rica imposed how Muslim countries interact with Isr*el

- Govts speak &amp; against Isr*el &amp; cry for the Palestinians but this is all lies 

- Govts have nothing to do with struggle in the path of Allah

- Govts will not liberate Palestine, Muslims will

Khaariji?",Salafi taklidi,ענה-יה אך;הודיה עופרי,,,,,,,,,,,,,,,Salafi taklidi,,,,,,Skip,שיך מוקביל הוא סלפי תקלידי אבל כאן זה פוסט יותר פוליטי אז האם מתאים לאפיין את הפוסט כתקלידי,,,,,0.9834305,0.00080104393,0.015768392
1ssa1wd1l,"""@Mendher3158202 @AzimBaloch34641 @PedroS18194 @BrantPhilip_ JNIM worked with the FLA and other secular groups against the Islamic State in the Sahel during the Menaka offensive years ago. Im not talking about recent events""",Irrelevant,בנימין ווליך,,,,,,,,,,,,,Irrelevant,,,,,,,,,,,,,,0.92469627,0.0016528404,0.073650934
wn8mx9fh6,"""Just say it ... these so-called Muslims are anything but Muslim 

There is no room for idolatry in any monotheistic religion 

What these Shiites loyal to Iran are doing is nothing short of sacrilegious""",Irrelevant,ענה-יה אך;הודיה עופרי,,,,,,,,,,,,,,,Irrelevant,,,,,,Irrelevant,,,,,,0.99813014,0.001296929,0.0005728907
u3y1drqxa,""" The bid'ah of the Murji'ah is more harmful than that of the Khawarij. 

The scholars of Ahl al-Sunnah warned strongly about the bid'ah of Irja, to the extent that many of the Salaf considered it more dangerous than the innovation of the Khawarij.

Why?

 The Khawarij reach a limit in misguidance, but the Murji'ah have no boundary; they gradually strip the religion away, piece by piece.

 The Murji'ah open the door to zandaqah (heresy) and disbelief, by emptying iman of action.

 They corrupt the understanding of the religion while appearing outwardly agreeable, even aligning with rulers and worldly interests.

 They widen the door to false interpretations, distorting the texts without restraint.

 They give false security to sinners, claiming salvation despite wrongdoing, resembling the Jews who said:

  ""The Fire will not touch us except for a number of days."" (al-Baqarah: 80)

Because of this, many of the Salaf (such as al-Nakha'i) said:

""Fitnat al-Murji'ah is more feared upon this Ummah than that of the Azariqah (extreme Khawarij).""

And others said:

""The Khawarij are more excusable to me than the Murji'ah.""

The reality is that both groups are harmful, but:

 The Khawarij corrupt through extremism and rebellion.
 The Murjiah corrupt the very foundation of iman itself.

And corruption of the foundation is more severe.

 al-Khorasaniya - Shaykh 'Abd al-Aziz al-Turayfi""",Salafi taklidi,אילון כהן,,,,,,,,,Salafi taklidi,,,,,,,,,,,,,,,,,,0.0017516308,0.9910505,0.0071978983
l856697xg,How retarded are you to be brainwashed by Haqiqatjew,Irrelevant,בנימין ווליך;צבי גופרי,,,,,,,,,,,,,Irrelevant,,,,,,,,,,Irrelevant,,,,0.077163026,0.87780434,0.04503267
jn9s3yw37,"""If people walked from the far west to the far east in support of their brothers it would not be strange, if the religion was truly lived.

- Shaykh ibn Uthaymeen",Salafi taklidi,הילי חכמי;אריאל כהן,,,,,,,,,,,Salafi taklidi,,,,,,Salafi taklidi,,,,,,,,,,0.00019562202,0.9995474,0.00025698286
0o3lzb0dy,""" Reality of Deobandi Creed

1- Belief in Wahdatal Wujood (Allah is everywhere in everything)

- Fatwa of Darul Uloom 

""Yes Allah is everywhere in everything, all the time.""",Irrelevant,ענה-יה אך,,,,,,,,,,,,,,,,,,,,,Skip,הפוסט הזה נוגע במלחמה עם תנועה של דיאובנדי ולא ברור לי מה המטרה של הכותב להכריז תכפיר עליהם בלהגיד שהם לא דתיים מספיק או משהו אחר ולכן האם זה מספיק כדי להגיד שזה גיהדי,,,,,0.0017979977,0.9756363,0.022565616
rq4d0fe20,"Sincerity

Abu Bakr at-Tutl (d.270H) said:

Know that among the foremost things upon a servant is that he make all of his deeds purely for Allah. Much can be said on this topic, but its foundation, sincerity in ones actions, is this:

That you do a deed seeking only Allah by it, and you do not like that anyone among people should come to know of it. So if someone does happen to see your deed, you dislike that in your heart; you are not pleased by it, and you do not want anyone to praise you for anything you have done. Nor do you use it to gain status or standing with them. This is the foundation of sincerity in action, Allah willing and Allah is the One whose help is sought.

[at-Tutl, Kitb az-Zuhd]",Irrelevant,אריאל כהן,,,,,,,,,,,Irrelevant,,,,,,,,,,,,,,,,0.0019749494,0.8732229,0.1248021
5gfnk54cn,"""""i just found out about the story of umm kulthum bint abi bakr and her husband talhah ibn ubaidillah and it's literally one of the most beautiful things ever 
""
--------------

Most of the women quoting this not knowing she was one of the many wives at the same time, and also the huge age gap Aprox 30+ years between the two (if I'm not mistaken). 

Today most practising women would not even give second thought to marry a man already married and older.",Irrelevant,צבי גופרי,,,,,,,,,,,,,,,,,,,,,,,Irrelevant,,,,0.0057000387,0.2321045,0.76219547
zrtabhiyr,"Diverse representation in childrens fiction is so important, which is why Im so proud to be supporting the launch of new charity @IBCplatform. Their website makes finding inclusive childrens books SO much easier. Be sure to checkit out:",Irrelevant,צבי גופרי;אילון כהן,,,,,,,,,Irrelevant,,,,,,,,,,,,,,Irrelevant,,,,0.00083135173,0.87591004,0.12325866
lu7njxm7m,"""Sharif Chaudhry would tell him to go to Afghanistan, since Iqbal was a major admirer of Afghanistan to almost romantic extent, then Asim Malik would blame Afg government for not calling him a khariji, then Asim Munir would call him Afg proxy, then Zaheer Babar would bomb his home""",Irrelevant,אילון כהן;זיו חסון,,,,,,,,,Irrelevant,,,,,,,,,,Skip,"אמנם אין כאן עמדה, אבל שיח מאוד בקיא בעולם הסלפי ואף הג׳האדי.",,,,,,,0.08629444,0.0013301108,0.91237545
9qdxrbo0b,"Shaykh al-Albn   comments on this:

so his  statement (Beware of luxury) means: Avoid indulgence and excessiveness in luxury, and only indulge in it [as long as it is permissible] from time to time.",Salafi taklidi,זיו חסון;בנימין ווליך,,,,,,,,,,,,,Salafi taklidi,,,,,,Salafi taklidi,,,,,,,,0.0010484915,0.97514594,0.023805577
8vl4rwnml,"Would it supprise you that 

1 the biggest takfiris in history were Asharis 

2 biggest rebels who fought muslims in the 3 theological school, were Asharis 

3 the biggest mad mouthed people of imams from the counterpart group, Asharis 

Cheerio",Salafi taklidi,אילון כהן;זיו חסון,,,,,,,,,Salafi taklidi,,,,,,,,,,Salafi taklidi,,,,,,,,0.99650973,0.0029608181,0.0005294864
y7gaqjocp,"""""Al-Qaeda-linked accounts claim JNIM affiliates are advancing on multiple fronts toward Malis capital Bamako, have captured key strategic locations, and are now moving on the presidential palace. Therere reports of the arrest of Minister of Defense, accounts claim. 
""
--------------

Sh Iyad Ghali has open Bayyah to Sh Haibatullah lol 
Theres even a video of his Bayyah
This is funny 
This is actually technically IEA conquering Mali
This is funny as its definitely not coordinated with IEA, nor do I believe that its endorsed by IEA 
May Allah unite the ranks",Irrelevant,הילי חכמי;אריאל כהן,,,,,,,,,,,Irrelevant,,,,,,Irrelevant,,,,,,,,,,0.0011367891,0.0004115958,0.9984516
grbx8xohk,"""All these books, and then a salafi comes and says:

""but assim al-hakeem thinks..""",Irrelevant,הילי חכמי;אריאל כהן,,,,,,,,,,,Irrelevant,,,,,,Irrelevant,,,,,,,,,,0.012735965,0.5041268,0.48313728
u7lav9glz,"""""Lets normalise the position that Jinn possession doesnt exist. This nonsense holds us back and has created numerous ills within our communities. There is not a shred of evidence for this view!""
""
--------------

Shaykh al-Islam ibn Taymiyyah said:

There is no Imm from the Muslims who denies that jinn can enter the body of the possessed person. Whoever denies it and claims that the Sharah rejects it has lied against the Sharah, as there is no evidence in the Sharah to negate it.",Irrelevant,בנימין ווליך;צבי גופרי,,,,,,,,,,,,,Salafi taklidi,,,,,,,,,,Irrelevant,,,,0.004490673,0.97060543,0.024903923
safe47pt5,"""""Muawiyah al-Sayasneh, detained and tortured as a child in 2011, speaks at former regime officers hearing. 
""
--------------

The children who are tormented by the tyrants of the world today, will tomorrow bi idhni Allah trample upon the heads of the same tyrants",Irrelevant,הודיה עופרי;אילון כהן,,,,,,,,,Skip,"יכול מאוד להיות שג'יהאדי בגלל ההתייחסות לרודנים, אך אין קריאה לתכפיר מפורש, ומה גם שתאורטית כל מוסלמי יכול לאחל למי שנפגע מהרודן לפגוע בו בחזרה כך שאני לא בטוח",,,,,Irrelevant,,,,,,,,,,,,0.99684,0.0011556374,0.0020043433
hx0s2vpjy,"""**Shaykh Abd al-Rahman al-Barrak on UK Student Loans**

The Shaykh was asked about student loans in the UK with these features:

 Issued by the government to support students  
 Interest is applied from the moment the loan is taken  
 Repayment starts after graduation and employment, if income reaches a threshold  
 If income is low, repayment is not required  
 The loan may be written off after 30 years, or due to death or inability to work  

Verdict from the Shaykh:

It is not permissible to take this loan.

Reason:

 It involves interest paid by the borrower  
 It is a complicated contract with many conditions and issues  

Even with income-based repayment and possible write-off, the presence of interest means it should be avoided entirely.""",Salafi taklidi,ענה-יה אך;הודיה עופרי,,,,,,,,,,,,,,,Salafi taklidi,,,,,,Irrelevant,,,,,,0.00049634906,0.9993055,0.00019813362
nf6x7rwu7,"According to Shaykh Ibn Uthaymn:

The one who commits fornication and boasts about it must be called to repentif he does not, he is to be killed. 

Boasting openly shows he considers it allwhich amounts to kufr. 

He gives the example of people traveling to a Bangkok.",Salafi taklidi,צבי גופרי;הילי חכמי,,,,,,,,,,,,,,,,,Salafi taklidi,,,,,,Irrelevant,,,,0.0007385811,0.0020511693,0.9972102
nk87r1l0j,"""6 people accepted Islam in this sitting with @hikmahpubs this afternoon. 

25 people accepted the religion today. Alhamdu lillah. 

212 people in 8 days. Subhan Allah. 

May Allah bless the community and all those who help and support in any.",Salafi taklidi,בנימין ווליך,,,,,,,,,,,,,Salafi taklidi,,,,,,,,,,,,,,0.00022601338,0.9939323,0.005841681
yo0y94vhx,"""Al Fawzan gives the excuse of ignorance for the lay person who falls into shirk without knowing",Salafi taklidi,ענה-יה אך;הודיה עופרי,,,,,,,,,,,,,,,Salafi taklidi,,,,,,Salafi taklidi,,,,,,0.0029379753,0.9957419,0.0013200862
fsi5j8dzu,"""May Allah have mercy upon Abu Obaidah 

People like @Haqiqatjou and @HarounKanj hate his belief

They support Palestine; but wage war against the belief of the Mujahidn fighting for it.",Salafi jihadi,הילי חכמי,,,,,,,,,,,,,,,,,Salafi jihadi,ו. תמיכה או ציטוט של דמויות סלפיות ג׳האדיות מוכרות; ז. תמיכה בארגוני טרור,,,,,,,,,0.9718685,0.019817324,0.008314195
ww3fplywp,""".@EpsomEwellBeat Still waiting for you to act after @RealDannyTommo incited violence and terror, and a womens refuge was attacked.""",Irrelevant,אריאל כהן,,,,,,,,,,,Irrelevant,,,,,,,,,,,,,,,,0.00020963897,0.008221772,0.9915685
0clqf03wi,"""Officer Sulayman ar-Ruhayli singing the praises of the UAE government. The same UAE who

- Are openly secular
- Opened the largest Hindu temple outside of India
- Has complete Wala' for the occupation
- Opened the Kufri Abrahamic house &amp; calls to the unification of religions""",Irrelevant,זיו חסון,,,,,,,,,,,,,,,,,,,Irrelevant,,,,,,,,0.99842596,0.0007894588,0.00078455545
8vfk6axkt,"""""Uncle Faris before the Iran war VS Uncle Faris after the Iran war 
""
--------------

Mbz tugged his leash",Salafi jihadi,בנימין ווליך,,,,,,,,,,,,,Salafi jihadi,ב. ביטויי גנאי או האשמה בכפירה של חכמי הלכה,,,,,,,,,,,,,0.00014075288,0.00031822894,0.99954104
u30djcdvg,"""@sneako You have never been a muslim to begin with""",Irrelevant,הודיה עופרי,,,,,,,,,,,,,,,Irrelevant,,,,,,,,,,,,8.703204e-05,0.0009373634,0.99897563
f0qt5bwti,"""If youre taking religious knowledge from Mohammed Hijab, then youre not going to make it sadly.""",Irrelevant,צבי גופרי,,,,,,,,,,,,,,,,,,,,,,,Irrelevant,,,,0.00021401493,0.0006572808,0.99912876
norfut5u7,"""Apart from the misleading translation, preceded by a deceitful opening sentence, to try and frame this Fatwa as somehow applicable to the death of ayatoshaytan,    when in reality Shaykh Al Islam calls the Rafidhah brethren of the Jews, and the most treacherous and lying of all religions, amongst other things.

The question is about someone who prefers, , the Jews and Christians, over the Rafidhah.

The answer provided by Shaykh Al Islam doesnt mention  a single time, contrary to what the lying Mushrik implies in the opening sentence, instead Shaykh Al Islam explains generally, the inherent status of those who explicitly reject the Messenger are always going to be worse in inherent status than someone who claims to not reject Him    , even if theyre disbelievers through other avenues (which Shaykh Al Islam believes the Rafidhah are). Thats it. Has nothing to do with supporting Rafidhah or Iran, or standing with the Mushrik state of Iran, nor not celebrating at the death of the Taghut of Iran, nor favoring them over Jews and Christians  may Allah Destroy them all. Funny enough, I didnt see this depression and solidarity and eulogies for the Wahabis and those he calls Khawarij when America and co. were carpet bombing them and their families,  .

Ironically, Shaykh Al Islam explicitly says the opposite of what this Mushrik is trying to imply. See below: 

Full Video:",Salafi taklidi,ענה-יה אך;הודיה עופרי,,,,,,,,,,,,,,,Salafi jihadi,ח. אחר,,,,,Salafi taklidi,,,,,,0.9476593,0.051543158,0.00079760695
g95pb68o0,The madkhalis and those like them will direct your arrows away from the kuffar towards the Muslims.,Salafi jihadi,בנימין ווליך;צבי גופרי,,,,,,,,,,,,,Salafi jihadi,ביקורת על סלאפים תקלידיים,,,,,,,,,Salafi jihadi,ביקורת על סלאפים תקלידיים,,,0.9984883,0.0008946333,0.00061709306
vn6p4teek,"""Taraweeh is Bidah But:

This is a pure Sunnah according to the Shias

#TaraweehIsBidahBut",Irrelevant,הילי חכמי;אריאל כהן,,,,,,,,,,,Salafi taklidi,,,,,,Irrelevant,,,,,,,,,,0.0012298942,0.03207496,0.96669513
xbpmjlv2v,"""This video is just a drop in the ocean of horrors our brothers and sisters in Sudan are experiencing.
Behind every scene is a tragedy,
Behind every cry of pain are thousands of stories that have yet to reach the world.

What our eyes see is little,
What is hidden is greater.
Lives are being lost,
homes are being destroyed,
children are being deprived of the most basic rights of life, amid shameful international silence and a media that ignores a wound that bleeds every day.

O Lord, be a support and a helper to our brothers and sisters in Sudan, lift their affliction, and reveal to the world their neglected rights.

#Save_Sudan
#Forgotten_Sudan""",Irrelevant,צבי גופרי,,,,,,,,,,,,,,,,,,,,,,,Irrelevant,,,,0.018160088,0.0076654614,0.9741745
xknu3flgz,"""The Kufr of laws that oppose the Shari'ah, permit Haraam &amp; the legitimacy of the rulers who implement them

- Shaykh Abdullah bin Humayd",Salafi taklidi,זיו חסון,,,,,,,,,,,,,,,,,,,Salafi taklidi,,,,,,,,0.99842346,0.0012922338,0.00028437335
0kkbqyxs9,"Abu Dard said:

             

You will not be a scholar until you are first a student, and you will not benefit from knowledge until you act upon it.

[Rawdat al-Uqal, pg.35]",Irrelevant,בנימין ווליך;צבי גופרי,,,,,,,,,,,,,Irrelevant,,,,,,,,,,Irrelevant,,,,0.0024110423,0.8083698,0.18921913
ox9j9jnqy,"""Those who rush in defending Shaykh Muhammad Ibn Abdul-Wahhab (  ) deny that he Takfirs. Takfir is part of our Deen, what must be warned off is the wrong Takfir.",Salafi taklidi,הודיה עופרי,,,,,,,,,,,,,,,Salafi taklidi,,,,,,,,,,,,0.026013153,0.9709779,0.003008992
l6mr4db1v,"""""Istightha coupled with the right belief/intention can never be shirk, just like our belief about Sayyidun Izrl taking souls and Sayyidun Jibrl granting Sayyidatun Maryam a child isnt shirk either. Majz Aql is the word.

Y Raslu Llh  madad, y Ab Bakr madad, y Umar madad, y Uthmn madad, y Al madad.

It is permitted to say this. for example, the Prophet  as a sabab (means) and to attribute the effect to the sabab, as long as one knows that the musabbib (the one who brings about the effect) and the creator of the effect is Allh, since everything is created by Allh. This is known as kasb (occasionalism), which is what distinguishes us from this takfiri imbecile.""
""
--------------

According to this  mushrik worshipping other than Allah wouldn't be shirk as long as it's  done with intention, Acording to this mushrik worshipping Zeus wouldn't be shirk either as long as they believe zeus isn't  equal to Allah.",Salafi jihadi,הודיה עופרי;הילי חכמי,,,,,,,,,,,,,,,Salafi jihadi,ח. אחר,Salafi jihadi,ח. אחר,,,,,,,,,0.19332111,0.74655205,0.060126845
d0m8lyy7q,"From Thursday 19th of February 2026 every day in Ramadhn we will continue the Tafseer of Suratul Anaam inshallah

Telegram

Mixlr",Irrelevant,זיו חסון,,,,,,,,,,,,,,,,,,,Irrelevant,,,,,,,,0.9389241,0.026447162,0.03462877
hww4jzg37,"The Straight Path is clear if you are athari, Upon following the Sunnah with the narrations of the Companions, their students then their students.",Salafi taklidi,הודיה עופרי,,,,,,,,,,,,,,,Salafi taklidi,,,,,,,,,,,,0.00070963905,0.99466056,0.0046297912
uoc6z534m,"Ibn al-Qayyim mentions similar point as Shaykh Khlid, but in a different context:

This interpretation is weak, because the mere act of denying it is disbelief, whether one rules by it or does not rule.",Salafi taklidi,הילי חכמי;אריאל כהן,,,,,,,,,,,Irrelevant,,,,,,Salafi taklidi,,,,,,,,,,0.025397431,0.9652243,0.0093783075
gelwo916w,"""Central Bank Official:
Interest System Stopped in All Commercial Banks

Dr. Lutfullah Khairkhwa, Director of Banking and Financial Services at Da Afghanistan Bank, announced that the practice of usury has been eliminated across all commercial banks operating in the country.

According to Khairkhwa, the national banking system is currently undergoing a complete transition away from interest-based transactions toward a fully Islamic banking model.

It may be recalled that Da Afghanistan Bank has previously affirmed that the payment or receipt of interest (riba) is forbidden under Islamic banking principles, and has been pursuing a phased conversion of the countrys conventional banking system to Sharia-compliant banking.""",Irrelevant,זיו חסון;אריאל כהן,,,,,,,,,,,Irrelevant,,,,,,,,Irrelevant,,,,,,,,0.0046632974,0.0046765893,0.99066013
pyp6w1d2x,"""""   

We ask Allah to guide and rectify all of our affairs.

Due to recent matters and the lack of a clear public stance regarding the situation surrounding Abu Iyad, which has had an impact on the community, a decision has been made in accordance with what we believe is in the best interest of the Ummah. As Muslims, when clarity comes to us, it is upon us to stand firmly upon it.

Effective immediately, our brother Kashif Khan will no longer serve as the Imam or teacher of our masjid.

For any questions or concerns, please direct them to the administration.

  ""
""
--------------

He got demoted from Shaykh to brother in under a week. I think that may be a world record.",Salafi taklidi,אריאל כהן;ענה-יה אך,,,,,,,,,,,Salafi taklidi,,,,,,,,,,Salafi taklidi,,,,,,0.0021593892,0.9948719,0.0029687057
xh0kdo184,"""Become a strong Muslimah:

 Study Tafseer
 Learn Arabic
 Study Aqeedah
 Study Fiqh
 Study Ahadith
 Memorize the Quran
 Build discipline
 Work on your character

A strong Muslimah is built through knowledge, worship, and beautiful character.""",Irrelevant,זיו חסון;בנימין ווליך,,,,,,,,,,,,,Irrelevant,,,,,,Irrelevant,,,,,,,,9.8020275e-05,0.9995622,0.00033976635
wgoggb6kn,"Meaning the caliph, not secular kafir rulers.",Salafi jihadi,הילי חכמי,,,,,,,,,,,,,,,,,Salafi jihadi,א. האשמה בכפירה של שליטי ערב,,,,,,,,,0.97067654,0.022372995,0.0069504217
1k8xhknwl,"""""Why is there such a jump in rabid khariji creed on tiktok and now its spilling onto Twitter. Just pure hazimism lmfao

These people end up apostating, either heavy burn out or theyll be so ghulat theyll exit the religion

At least this sect doesnt exist in the real world""
""
--------------

Lol speaking of Telegram earlier, this nigga is part of some schizo Albanian telegram channel where they focus explicitly on al adhir like the bums they are

No surprise there",Irrelevant,אריאל כהן,,,,,,,,,,,Irrelevant,,,,,,,,,,,,,,,,0.00046611737,0.9994597,7.421037e-05
jestrti0b,"The worst part with Jolanis endorsement of Easter and congratulation to Shirk and Kufr is that he knows exactly how serious this matter is
This isnt crackhead Ghaddafi or drunkyard Saddam who are from a secular background
This is someone who has no Udhr bil Jahl in this matter",Salafi jihadi,הילי חכמי,,,,,,,,,,,,,,,,,Salafi jihadi,א. האשמה בכפירה של שליטי ערב,,,,,,,,,0.9966875,0.0018195861,0.0014929381
xd53qqyfa,"""""If Bangladesh wages a war against Myanmar, the women we capture will be distributed among our soldiers.
Suppose we get 50 girls, I will keep 10. Rest I will sell to our soldiers.
Islam allows taking kafir girls as sex slaves. They deserve humiliation.
~ Bangladeshi maulavi. 
""
--------------

Alhamdulillah. May Allah reward him

The comments can keep bitching and whining. We dgaf.",Irrelevant,צבי גופרי,,,,,,,,,,,,,,,,,,,,,,,Irrelevant,,,,0.009775071,0.010855169,0.9793697
3kgf96dbp,"""""
""
--------------



Banger nasheed",Irrelevant,אילון כהן;זיו חסון,,,,,,,,,Irrelevant,,,,,,,,,,Irrelevant,,,,,,,,0.0016663867,0.26213005,0.7362035
qterl7y5e,"""""The Aqidah of a real Hanafi:

""
--------------

Good times.",Irrelevant,הילי חכמי;אריאל כהן,,,,,,,,,,,Irrelevant,,,,,,Irrelevant,,,,,,,,,,0.008230504,0.4102134,0.5815561
wf3sh80nx,"""The Old City [11] @taqwatravels",Irrelevant,אריאל כהן,,,,,,,,,,,Irrelevant,,,,,,,,,,,,,,,,0.00025647302,0.99852186,0.0012216365
lah0m1vkr,"""""This Jahmite is one of the most disgusting people that exists. 

The salaf didnt like people with huge disgusting unkept beards/ in that context they would say the longer your beard the less intelligence

Forget his support for the Kuffar/ and best friend whos an enemy of Islam 
""
--------------

To clarify to 1 The waffling slanderers and 2 sincere brothers 

The ruling of the beard is that it is mustahab at a fist length. Anything after is mubah, the salaf didnt like unkept beards and ones that were excessive. 

A big beard is beautiful

The references will be sent",Salafi taklidi,הילי חכמי;אריאל כהן,,,,,,,,,,,Salafi taklidi,,,,,,Salafi taklidi,,,,,,,,,,0.7253774,0.27020442,0.0044181575
9jiu1wrul,"""Nadiya Hussain recalls The Great British Bake Off nerves - 'I had to fight myself to get there'




@BegumNadiya #GBBO  #TheRyanTubridyShow #VirginRadioUK",Irrelevant,אילון כהן;בנימין ווליך,,,,,,,,,Irrelevant,,,,Irrelevant,,,,,,,,,,,,,,0.00047388158,0.014512909,0.98501325
fhg2emkz8,"""Being a drunkard and fornicator, and a prostitute is less severe than being a madkhali""",Salafi jihadi,בנימין ווליך,,,,,,,,,,,,,Salafi jihadi,ביקורת על סלאפים תקלידיים,,,,,,,,,,,,,0.3332441,0.029517898,0.637238
cyzbc205n,"""He is a Kafir and anyone who doubts HIS disbelief has also committed major kufr.""",Irrelevant,ענה-יה אך,,,,,,,,,,,,,,,,,,,,,Irrelevant,,,,,,0.9985864,0.0011478728,0.0002657559
uqe3a74t2,Compare the command of our Prophet  with the filth that the rafidha spew about them:,Salafi taklidi,הילי חכמי;אריאל כהן,,,,,,,,,,,Salafi taklidi,,,,,,Irrelevant,,,,,,,,,,0.037893996,0.90622,0.055885956
nmo6s1dpy,"""Ibn Al-Qayyim   said:

""Zin brings darkness to the face, tightness in the chest, curses in the tongue, restlessness in the soul, and brokenness in Rizq. It is the enemy of light, clarity, and honor.""

[Rawdat al-Muhibbin]""",Irrelevant,הילי חכמי;אריאל כהן,,,,,,,,,,,Irrelevant,,,,,,Salafi taklidi,,,,,,,,,,0.0008186615,0.0036315173,0.9955498
xumc89kxh,"""""Sh Saleh l-Shaykh

Kuwait, Egypt, Syria, Tunisia, Libya governments are all mushrikn as they defend &amp; protect those who make istighthah 
""
--------------

Sh Saalih Aal ash-Shaykh says in this audio to Sh al-Albaani that the below mentioned governments 

Protect idols, protect Tawaghit, approve of the worship of other than Allah &amp; defend those who call upon other than Allah &amp; that those who do this share the same Hukm as Mushriks.",Salafi taklidi,הודיה עופרי,,,,,,,,,,,,,,,Salafi taklidi,,,,,,,,,,,,0.99841285,0.0013375634,0.0002496345
an3x9h5nz,"This Jahmite is one of the most disgusting people that exists. 

The salaf didnt like people with huge disgusting unkept beards/ in that context they would say the longer your beard the less intelligence

Forget his support for the Kuffar/ and best friend whos an enemy of Islam",Salafi jihadi,בנימין ווליך;צבי גופרי,,,,,,,,,,,,,Skip,נשמע כמו ג'יהאדי אך אני לא בטוח לגמרי,,,,,,,,,Salafi jihadi,ח. אחר,,,0.99132544,0.008227505,0.00044701312
lcsrha8vk,"""Just posted: Two world-class biologists unpack the engineering and design of the cellular structures that keep us alive. Plus, catch some exclusive clips from new movie The Story of Everything! Link in comments. @DiscoveryCSC @TSOEfilm @DougAxe @AMcDiarmid",Irrelevant,צבי גופרי,,,,,,,,,,,,,,,,,,,,,,,Irrelevant,,,,0.00097342656,0.25223768,0.7467889
tdl0965wg,"""The point, genius, is that everything you said about the paper and ink not being Gods attribute is also true about the paper and ink in a Shakespeare poem. Yet, Shakespeares speech IS with letters and sounds 

So your conclusion doesnt follow.

If youre saying the above can be true and Gods speech can still be letters and sounds then thats the Salafi position. So congratulations, youre now a Salafi.""",Salafi taklidi,אילון כהן;זיו חסון,,,,,,,,,Irrelevant,,,,,,,,,,Salafi taklidi,,,,,,,,0.0019311088,0.9757415,0.022327315
ya2s622h7,""" Muhammad Uzayr Shams, diteur de manuscrits reconnu, ayant publi plusieurs ouvrages dibn al-Qayyim, a rdig une lettre pour trouver un garant en Arabie saoudite afin de ne pas tre contraint de retourner en Inde, o il avait dj subi des injustices  plusieurs reprises.",Salafi taklidi,הילי חכמי;זיו חסון,,,,,,,,,,,,,,,,,Salafi taklidi,,Salafi taklidi,,,,,,,,0.2998927,0.0007222007,0.69938517
mbf7a75j7,"The main lesson to be learned is that Taqwa and Ikhls take precedence over intelligence.

As Imm adh-Dhahab said:

          

May Allah curse intelligence without faith, and may Allah be pleased with simpleness with piety.""",Irrelevant,ענה-יה אך;הודיה עופרי,,,,,,,,,,,,,,,Irrelevant,,,,,,Irrelevant,,,,,,0.027947707,0.7185653,0.253487
8kar2oi4o,"The ghult and murjiah are two different sides of the same coin 

The extremists are like the mutaziliah when it comes to chain takfir and tabdee . They will rule your pet goldfish with riddah using some weird qiyaas because you never made takfir on Al-Adhir due to mawa3ni

Whereas the murjiah will see clear nullifiers yet turn a blind eye due to the lack of imaan and love for rulers . This is the fanaticism some of us have also when it comes to following the crowd or the person who speaks the loudest . Salafiyyah has been hijacked by the Jews in disguise .

Another thing Id like to point out is some individuals (no matter what side) having taassub to people or a certain someone . Know that this person will not grant you a ticket to the hereafter , no scholar is free from mistakes . But there is a difference between defending someone and defending their mistake . Brothers and sisters , we dont base our walaa off groups , no doubt wed find sincere ones who only wanted to seek shahadah and yearned to meet their lord in every faction . The blameworthy are to be blamed, and the defendants are to be given a defence .",Salafi taklidi,בנימין ווליך;צבי גופרי,,,,,,,,,,,,,Salafi jihadi,ביקורת על סלאפים תקלידיים; א. האשמה בכפירה של שליטי ערב; ב. ביטויי גנאי או האשמה בכפירה של חכמי הלכה,,,,,,,,,Salafi taklidi,,,,0.99539125,0.004240442,0.0003683794
nza3jm5c0,"""The ghult and murjiah are two different sides of the same coin 

The extremists are like the mutaziliah when it comes to chain takfir and tabdee . They will rule your pet goldfish with riddah using some weird qiyaas because you never made takfir on Al-Adhir due to mawa3ni

Whereas the murjiah will see clear nullifiers yet turn a blind eye due to the lack of imaan and love for rulers . This is the fanaticism some of us have also when it comes to following the crowd or the person who speaks the loudest . Salafiyyah has been hijacked by the Jews in disguise .

Another thing Id like to point out is some individuals (no matter what side) having taassub to people or a certain someone . Know that this person will not grant you a ticket to the hereafter , no scholar is free from mistakes . But there is a difference between defending someone and defending their mistake . Brothers and sisters , we dont base our walaa off groups , no doubt wed find sincere ones who only wanted to seek shahadah and yearned to meet their lord in every faction . The blameworthy are to be blamed, and the defendants are to be given a defence . 

    """,Salafi taklidi,הודיה עופרי;אילון כהן,,,,,,,,,Salafi jihadi,ביקורת על סלאפים תקלידיים,,,,,Salafi taklidi,,,,,,,,,,,,0.99724543,0.0023748754,0.0003797556
7vuwmn980,"""Imm Dhahb   said: 

If you see the mutakallim innovator saying: leave out the Qur'n &amp; ahad hadith and bring forth logic; then know that he is Ab Jahl.

[Siyr alam an-Nubl (4/472)]",Salafi taklidi,הודיה עופרי;אילון כהן,,,,,,,,,Irrelevant,,,,,,Salafi taklidi,,,,,,,,,,,,0.01517049,0.5134086,0.47142085
7yhemaafy,"Ibn al-Jawz:

- My brothers, beware of heedless sleep and cherish the moments of your lives.

- Cut off laziness before it cuts off your excuses. Learn from the warnings of time.

- Hold firmly to resolve, for whoever stands on the edge of a crumbling cliff is close to falling.",Irrelevant,צבי גופרי,,,,,,,,,,,,,,,,,,,,,,,Irrelevant,,,,0.0019504493,0.03832045,0.9597291
qicimj68y,"""Today, israeli troops launch a large-scale abduction campaign in Bala, near Tulkarm, snatching dozens of young men | @WAFANewsEnglish",Irrelevant,ענה-יה אך;הודיה עופרי,,,,,,,,,,,,,,,Irrelevant,,,,,,Irrelevant,,,,,,0.0011042044,0.004054416,0.9948414
6xchnmbph,"He (SWT) said, in legislation :

[ and He shares not His legislation with anyone.] 18:26



Scans credit :",Irrelevant,זיו חסון,,,,,,,,,,,,,,,,,,,Irrelevant,,,,,,,,0.0023091177,0.01837593,0.97931504
11tes0dnk,"""Subhanallah, and we will still have more people coming to defend this vile Taghut, even while he ""congratulates"" these Mushrikeen on their filthy holiday. May Allah bring him disgrace.""",Salafi jihadi,זיו חסון,,,,,,,,,,,,,,,,,,,Salafi jihadi,א. האשמה בכפירה של שליטי ערב,,,,,,,0.9974068,0.0024633503,0.00012988405
h23foh0qc,"""Shaykh Abdul Kareem al-Khudhayr outside the house of Shaykh Sulaymaan al-Alwaan after visiting him. This was during Shaykh Sulaymaans brief release from prison in December 2012.",Salafi jihadi,אריאל כהן;ענה-יה אך,,,,,,,,,,,Salafi jihadi,ו. תמיכה או ציטוט של דמויות סלפיות ג׳האדיות מוכרות,,,,,,,,,Skip,כאן שני דומויות אחת תקלידית אחת דגי'הדית והכותב כנראה תומך בצד הג'יהדי אבל האם הפוסט ומה שכתוב בו מבטה את זה ?,,,,,0.31604102,0.6364455,0.04751347
czmrzzebx,"Ibn Rajab mentions in Ahwl al Qubr that some scholars mentioned that these 3 are singled out because:

The grave is the first stage of the Hereafter, offering a sample of the Day of Judgments consequences, not the full punishment/reward. 

Sins fall into two categories:
1.Rights of Allah (primary example: prayer)
2.Rights of servants (primary example: sanctity of life)

In the barzakh (the intermediate phase between death and Judgment), people are are not judged for the major sins themselves, but for their preludes and causes of lacking in them:

The prelude to prayer is to purify oneself of impurity and filth 

The prelude to violating the sanctity of life is slander and backbiting

So if a person failed to pray properly or violated the sanctity of a persons life, he will see the punishment for that on the Day of Judgment, but since these three (impurity, slander, backbiting) are lesser harms and foundational causes of these major sins, punishment in the grave begins with them; serving as an early consequence before the full reckoning on the Day of Judgment.",Irrelevant,אריאל כהן;ענה-יה אך,,,,,,,,,,,Irrelevant,,,,,,,,,,Irrelevant,,,,,,0.0032861049,0.7207719,0.27594197
3xooq3fcl,"""Shawkani's takfir &amp; call for jihad against Yemenis who do tahakum to other than the Shariah

Among these is that they rule by the ght &amp; they do tahakum to those among them who are versed in the rulings of ght, in all of the matters that confront them &amp; arise for them..",Salafi jihadi,אריאל כהן,,,,,,,,,,,Salafi jihadi,א. האשמה בכפירה של שליטי ערב,,,,,,,,,,,,,,,0.99851567,0.0011734797,0.00031088677
5gk1q3kpu,"""""The Murtaddn of barely two months ago are welcomed with great fanfare, and [those] who led the fath are in prison without trial (such as the Qd Shaykh Zubayr al-Ghazz). 

The new Syria, they say.""
""
--------------

They say when you reach the capital, you have to compromise because of Realpolitik
But no one wanted them to reach the capital when theyd lose their deen

The purpose of reaching the capital and conquest generally is to establish the deen, not to make excuses for compromising it",Irrelevant,זיו חסון,,,,,,,,,,,,,,,,,,,Salafi jihadi,ו. תמיכה או ציטוט של דמויות סלפיות ג׳האדיות מוכרות,,,,,,,0.660079,0.05303289,0.2868881
c4u5jzfwk,"Madkhalis when Muslims around the world are suffering

      

        

But when Saudi and uae and other rich Arab countries are harmed they somehow forget those ayat as if they dont exist",Salafi jihadi,זיו חסון;בנימין ווליך,,,,,,,,,,,,,Salafi jihadi,ביקורת על סלאפים תקלידיים; א. האשמה בכפירה של שליטי ערב,,,,,Salafi jihadi,ביקורת על סלאפים תקלידיים,,,,,,,0.99534374,0.00073504145,0.0039211656
hlgzb9dlu,"""@unveilingbaatil @ameeniooo Homosexuality Duna Homosexuality""",Irrelevant,אילון כהן;אריאל כהן,,,,,,,,,Irrelevant,,Irrelevant,,,,,,,,,,,,,,,,0.0003164035,0.009359821,0.9903238
2s0j94yd6,"Ibn al-Jawz:

 What kind of life is it for someone who lives with laziness when they see their peers excelling in knowledge while they remain ignorant, or prospering in trade while they remain poor?

 What meaning remains for enjoyment in laziness and comfort?!",Irrelevant,אילון כהן,,,,,,,,,Irrelevant,,,,,,,,,,,,,,,,,,0.0027664478,0.5708335,0.42640004
u8mhht2qp,"""To be honest haddadis should agree with him. 

Also why dont they extend this to imam Ahmad who didnt make takfir of all jahmis? 

Its hilarious lol""",Salafi taklidi,ענה-יה אך;הודיה עופרי,,,,,,,,,,,,,,,Salafi taklidi,,,,,,Skip,ראינו בכיתה שהקללה ג'חמי היא קללה ג'יהדית אם זכור לי נכון אבל הפוסט לא נראה ג'יהדי בכלל,,,,,0.9451906,0.050737575,0.004071903
zsyby2wqp,"""""One arguement mahabists might come with to the laypeople is that:

How do they learn fiqh if the four mahib are a bidah?

It can be responded to by asking them a simple question:

How did people learn fiqh before the existence of the four mahib???""
""
--------------

Madhabists fanatics should read this",Salafi taklidi,צבי גופרי;הילי חכמי,,,,,,,,,,,,,,,,,Salafi taklidi,,,,,,Salafi taklidi,,,,0.00048023247,0.9905661,0.008953621
w5wrzhmmj,"""@nasafism Youre trolling at this point.

I clearly and unambiguously answered it.

Now answer the question you low IQ retard:

If someone says: y Ibls madad is that shirk according to your standards?

a. Yes

b. No",Irrelevant,בנימין ווליך;צבי גופרי,,,,,,,,,,,,,Irrelevant,,,,,,,,,,Salafi taklidi,,,,0.0033240346,0.99571335,0.0009626108
4ecs4508u,"Ibn Masd    said:

Be guardians of knowledge, not mere transmitters of it. 

[Adab ad-Duny wa-Dn]",Irrelevant,אילון כהן;זיו חסון,,,,,,,,,Irrelevant,,,,,,,,,,Irrelevant,,,,,,,,0.0029653283,0.026672255,0.97036237
5tvf62dnw,"""NEW VIDEO

#NEW | THE LEGACY OF RABI AL-MADKHALI AL-MURJI'I | Shamsi Retracts from Calling a Mushrik, a Mushrik?!

YouTube Link: 

In this video, we show how Shamsi  who is one of the main propagators of the filthy manhaj of Rabi bin Hadi al-Madkhali al-Murji'i  clearly recognizing the reality of one of the biggest callers to, and defenders of Shirk in the UK (Asrar Rashid). 

He initially calls him a Mushrik, then retracts once pressed by one of the students of Asrar Rashid  further making clear what has already been widely known, that these people are Murji'a, regardless of how many slogans of Ahlul Sunnah they espouse. After exposing this embarrassing  and pathetic display of his applied creed, we provide evidences for why he's a Jahil, with proof from the Qur'an, and the sayings of the Scholars of Haqq (Shaykh al-Islam Ibn Taymiyyah).

More to come insha'Allah, as Allah Permits.

  """,Salafi jihadi,אריאל כהן;ענה-יה אך,,,,,,,,,,,Salafi jihadi,ביקורת על סלאפים תקלידיים,,,,,,,,,Skip,נראה שהכותב שייך לזרם סלפי רדיקלי אבל לא יודעת אם הפוסט מספיק ברור כדי להגיד שהוא ג'יהדי,,,,,0.9952211,0.0044389474,0.00034002116
7i927g8ug,"""Apparently SPUBS has beef with Shuraym now""",Salafi taklidi,זיו חסון;בנימין ווליך,,,,,,,,,,,,,Salafi taklidi,,,,,,Salafi taklidi,,,,,,,,0.5477498,0.39769036,0.05455987
0chpszqt6,and this without any Ta'sub or nationalism,Irrelevant,זיו חסון,,,,,,,,,,,,,,,,,,,Irrelevant,,,,,,,,0.007023478,0.0004346343,0.9925419
xxbmm5wlb,"""@IbnFirdos In an Islamic country Hanafis like you should be punished for going against the ahadith of the Prophet """,Irrelevant,אריאל כהן,,,,,,,,,,,Irrelevant,,,,,,,,,,,,,,,,0.8254318,0.15077484,0.023793314
1fh6a8pnh,"""""   

We ask Allah to guide and rectify all of our affairs.

Due to recent matters and the lack of a clear public stance regarding the situation surrounding Abu Iyad, which has had an impact on the community, a decision has been made in accordance with what we believe is in the best interest of the Ummah. As Muslims, when clarity comes to us, it is upon us to stand firmly upon it.

Effective immediately, our brother Kashif Khan will no longer serve as the Imam or teacher of our masjid.

For any questions or concerns, please direct them to the administration.

  ""
""
--------------

New principle from the Neo Takfiris, whoever doesnt tabdee the mubtadi is himself a mubtadi. 

Theres a reason nobody takes this sect seriously.",Salafi taklidi,הודיה עופרי;אילון כהן,,,,,,,,,Salafi taklidi,,,,,,Salafi taklidi,,,,,,,,,,,,0.0021593892,0.9948719,0.0029687057
zvipsx88x,"""Yine bir kemalist zihniyetin zulm!

7 yanda bir kz renci, 22 Nisanda okulun son saatinde tren iin dar arlyor. renci trene katlmak istemediini ve insan suretinin olmas nedeniyle orada bulunmak istemediini sylemitir. Devamnda bayraa ve stiklal Marna saygl olduunu ifade etmitir. Dini inanc gerei insan suretinin nnde durmamas gerektiini ve ailesinin de bu tr eylerden holanmadn sylemitir.

Bunun zerine nbeti retmen durumu erkek mdr yardmcsna iletmi ve mdr yardmcs kzn kolundan tutup zorla tren alanna karmtr. Burada mdr yardmcs birok su ilemitir:

* ocuun beden dokunulmazln ihlal etmitir
* Cebir ve zor kullanmtr
* Kii zgrln kstlamtr
* Grevini ktye kullanmtr
* ocua psikolojik bask uygulamtr

Anayasamz kendi iinde elimektedir. Din ve inan hrriyeti maddesi vardr. Bu maddenin kapsam, bir kiinin Kurana ve hadislere iman etmesi ve emir ile yasaklarna uymasdr. rnek olarak bir renci teneffste namaz klmak isterse ve retmen buna izin vermezse bu su oluturur. Ayn ekilde insan suretinin nnde sayg duruunda bulunmak inancna gre yasak ise kimse bu yasa inemesi iin zorlayamaz.

Bu sadece Mustafa Kemal iin deil, kim olursa olsun ayndr. Gerekse Fatih Sultan Mehmet olsun, yine de fikri deimeyecektir. nk bu durum siyasi deil, dini bir inancn gerekliliidir.

Suret hakknda sahih hadisler ve ayetler vardr:

* Melekler, iinde kpek ve suret bulunan eve girmez. (Buhr, Mslim)
* Kyamet gn en iddetli azaba urayacak olanlar, suret yapanlardr. (Buhr, Mslim)
* Bu suretleri yapanlara kyamet gn azap edilecek ve Yarattklarnza can verin denilecektir. (Buhr, Mslim)

Objektif olmak gerekirse, kimisine gre lkeyi o kurtard, cumhuriyeti o kurdu; kimisine gre sarayn emriyle Samsuna kt, cumhuriyeti kurarken meclisi aniden toplayp dier vekillerin meclise gelmesini engelledi vs. Bu tartmalar bir kenara brakarak unu sylemek istiyorum:

Daha birka gn nce kck rencilerin arafn kt olduu ve mini etein uygar olduu el kadar ocuklara retilmeye alldn grdk. Kadnlara zgrlk bizim zamanmzda verildi diyerek rtl kadnlarn retmen olma zgrln acmaszca alabildiniz. Kurtulu savanda Mustafa Kemalin arkasnda Arap askerler vard grmediniz. Kurtulu savanda Krt kardelerimiz vard, sava sonrasnda bombalar Krtlere attnz. Kurtulu savanda cepheye yardm gtren arafl annelerimiz vard, imdi ayplyorsunuz.

Alkol alp, LGBTyi savunup, mini etek giymeyi uygarlk sanyorsunuz ok yazk. 

Yeniden dirili balad  !""",Irrelevant,אילון כהן;זיו חסון,,,,,,,,,Irrelevant,,,,,,,,,,Irrelevant,,,,,,,,0.0015275258,0.0026473291,0.99582505
8dlugm1zp,"""Yllardr ""insan haklar"" masallaryla dnyay uyutanlar, konu esirler olunca kr ve sar kesiliyorlar. Biz biliyoruz ki; kfr tek millettir! 

Esirlerin hayat, iki yzl sahtekarlarn szm ona bar grmelerinde deil, ancak mminlerin vakarl duruuyla korunur.

#damaSessizKalma""",Irrelevant,אריאל כהן;ענה-יה אך,,,,,,,,,,,Irrelevant,,,,,,,,,,Irrelevant,,,,,,0.0019133127,0.0014583811,0.99662834
jh204axib,"""Fakhr al-Dn al-Rz against Sufi Quburis.

In his Tafsir, he draws a parallel between grave worshippers in his time, and ancient idolaters, affirming the prohibition of supplicating to other than God. Below is his commentary on two verses:

1/10",Salafi taklidi,צבי גופרי;הילי חכמי,,,,,,,,,,,,,,,,,Salafi taklidi,,,,,,Salafi taklidi,,,,0.021005692,0.54050285,0.43849146
wq0nkdawg,"""Shaykh Salih al-Fawzan   regarding the Saudi Soldiers:

- They are performing Jihad and Ribat for the Sake of Allah.

- They are Sacrificing themselves and their time to protect Islam and Muslims

- Asks Allah to grant them victory, success and aid them

- Quotes the Hadith ""Ribat (protecting the borders) for one day and night is greater than the world and what's in it and it is from the best of deeds if not the best

This the position of our scholars regarding the muslim armies and leaders, contrast this with the khawarij who view them as tawaghit, kuffar, munafiqin, shayatin and enemies of Allah.

So tell me,

Who correct?

Shaykh al-Allamah Salih al-Fawzan   and the Imams of Ahlus Sunnah

Or

Tiktok generation 20 yr old children, no knowledge nothing just vibes.""",Salafi taklidi,ענה-יה אך,,,,,,,,,,,,,,,,,,,,,Skip,נראה לי פוסט תקלידי אבל המילה ג'יהד לגבי הצבא הסעודי מבלבלת אותי,,,,,0.9715233,0.026441146,0.002035573
1sa32ot70,"""""No offense, but Iranians are just yappers.

 Imagine, the Americans were able to evacuate two of their personnel from right under your nose. 

Where were the Iranian special forces? Where was the IRGC?

 Just cope and go hit some Gulf states now.""
""
--------------

Basically you admit you guys have fallen even lower than US kuffar.

Cuz I remember they sacrificed some soldiers of theirs and then even negotiated with the ""terrorists"" to get just one soldier, Bowe Bergdahl.

You are Rafidhi anyways so nothing good is expected from you.",Salafi taklidi,בנימין ווליך;צבי גופרי,,,,,,,,,,,,,Salafi jihadi,ח. אחר,,,,,,,,,Salafi taklidi,,,,0.06797095,0.0009175632,0.9311114
qozq19zv0,"""""@KItreal512 @Ba_ups56 Stop protecting and prove your argument , how does saying Allah ""hand isn't like  x,you and z"" negates apparent meaning  Don't be scared jahmi 
""
--------------

Ashari ibn Zani's Guide to Online Debate:

1. Block your opponent if you can't prove how  negating tashbih is negating apparent meaning",Salafi taklidi,צבי גופרי;הילי חכמי,,,,,,,,,,,,,,,,,Salafi taklidi,,,,,,Salafi taklidi,,,,0.0041301125,0.9343452,0.0615247
0d537aw2k,The Land of Tawheed,Irrelevant,זיו חסון,,,,,,,,,,,,,,,,,,,Irrelevant,,,,,,,,0.00899169,0.65380365,0.33720464
ppne8elu4,"""Robert Trivers stirred up the evolution world in the 70s with his theories about the evolution of altruism. His recent death prompted many obituaries and remembrances. Here's mine, in @MindingCampus: @DiscoveryCSC @CUFreeSpeech @mitfreespeech",Irrelevant,אילון כהן,,,,,,,,,Irrelevant,,,,,,,,,,,,,,,,,,0.0019622992,0.88473374,0.11330402
o1nzjqd6p,"""""IMPORTANT CORRECTION.

Shia preachers have been claiming Jinnah (RA) was a 12ver Shia, therefore 12vers made Pakistan.

Jinnah (RA) DIED a Sunni Muslim.

Evidence:

He prayed publicly ONLY with Sunnis.

His ONLY OFFICIAL Janaza prayers were led by Mufti Shabbir Ahmad Usmani. 
""
--------------

Actually there were two funeral prayers for him. 

First was private as per shia traditions while 2nd was public state one to mislead Sunnis (who make up 85%-90% of population). @MrAdnanRashid at least you should have known how Rawafidh deceive the masses.",Salafi taklidi,הודיה עופרי;אילון כהן,,,,,,,,,Irrelevant,,,,,,Salafi taklidi,,,,,,,,,,,,0.13153477,0.7354813,0.13298392
8ocwobtal,"""Imam Abu Hanifah and Qadi Abu Yusuf   both agreed anyone who says, The Quran is created is a kafir.
Mukhatasar Al-Uluw li Imam Dhahabi with the tahqiq of Al-Albani, p.156",Salafi taklidi,אילון כהן;זיו חסון,,,,,,,,,Salafi taklidi,,,,,,,,,,Salafi taklidi,,,,,,,,0.02192949,0.9609175,0.017152952
gei9re6bj,"Here let her live, so long as I 

Draw breath, and when I come to die 

My heart for comfort may she crave 

In the dark silence of the grave.

- Abu Bakr Al Baghdadi",Salafi jihadi,הודיה עופרי,,,,,,,,,,,,,,,Salafi jihadi,ו. תמיכה או ציטוט של דמויות סלפיות ג׳האדיות מוכרות,,,,,,,,,,,0.0013285448,0.990137,0.008534447
atmo51wyv,""""" 
""
--------------

Rare Ibn maghrebi W 

Some of these scholars so brain dead, they are extremely out of touch with reality. High IQ should be requirement for scholarship 

Cant say Im surprised since the dog Osama Al rifai only recently found out that slandering Aisha RA is kufr",Irrelevant,ענה-יה אך,,,,,,,,,,,,,,,,,,,,,Irrelevant,,,,,,0.98197156,0.016324501,0.0017038957
rcletrws8,"Oh Allah humiliate the tawagheet, those who belittled your religion those who placed themselves above your majesty those who watched as the ummah was humiliated and women and children slaughtered, show them no mercy and raise them on that day with the Jews and Christians.",Salafi jihadi,ענה-יה אך,,,,,,,,,,,,,,,,,,,,,Salafi jihadi,ג. קריאה לג׳האד התקפי (לא הגנתי),,,,,0.9983866,0.0013544797,0.0002588082
79qmbu8ms,"Imam Nawawi RH said: 

 As for supplicating for the Sultan, our companions agree that it is neither obligatory nor recommended. The apparent meaning of the author's words and others is that it is an innovation, +",Salafi taklidi,אריאל כהן,,,,,,,,,,,Salafi taklidi,,,,,,,,,,,,,,,,0.00089014356,0.03735588,0.961754
sgmcgphpl,"""The nation demands PM Shehbaz Sharif
& Field Marshal Asim Munir
to raise Aafias case at the table. 23 long years have passed. Pakistan has a rare opportunity to bring her back!                                  
 #ShehbazAsimBringAafia
#AsimMunirBringAafia
#IslamabadTalks
#PMShehbaz""",Irrelevant,צבי גופרי;הילי חכמי,,,,,,,,,,,,,,,,,Irrelevant,,,,,,Irrelevant,,,,0.9429395,0.004127683,0.052932754
patxmjp7a,"""""A short afternoon nap restores brain neuroplasticity. 
""
--------------

The Prophet  said:

Take the midday rest (qayllah), for the devils do not take a midday rest.

And from the Salaf, Khawwt ibn Jubayr    said:

Sleeping at the beginning of the day is harmful, in the middle of it is restorative, and at its end is foolishness.



Once again modern science is catching up to what the Prophet  guided us to over 1400 years ago. 

As Muslims we need to understand that the Sunnah isnt just spiritual guidance that happens to agree with science sometimes; it is advice from our Creator who knows best how our bodies and brains function optimally.

This is exactly why studying the Prophets  guidance on health is so important; its something to be learned and actually implemented in daily life. If we had the same level of reliance upon that guidance as we do on modern medicine, we wouldnt need to look elsewhere.",Salafi taklidi,בנימין ווליך,,,,,,,,,,,,,Salafi taklidi,,,,,,,,,,,,,,0.005043545,0.47340018,0.52155626
c1bcznop5,"""Allmah Ibn Taymiyyah was asked about saying L Ilha ill Allh 70,000 times and gifting it to the dead. He responded: If he does it like this 70,000 times, or more, or less, and gifts it Allh will benefit them with it. And this has no [basis] in neither authentic nor weak Hadth.

 [Majm al-Fatw, 24/323, translation from @ahnaafservices Twitter]

Benefits:

1. Ihda As-Sawab (Urdu Isaal e Sawab), or gifting deeds to the dead, is something that was generally considered permissible.

2. It's not necessary that every particular deed related to Sadaqah Jariyah is proven from the Sahabah. For ex. It's not necessary to show that the Sahabah donated an X-ray machine to a hospital with the intention of Sadaqah Jariyah.

3. A precedent in the actions of the Sahabah. - Summary- Unable to financially contribute to the Tabuk expedition, Ulbah bin Zayd (Radi Allahu Anhu) wept in prayer and sincerely offered his personal honor as charity by forgiving any Muslim who had wronged him. The next morning, the Prophet (Salallahu Alaihi Wa Sallam) informed him that Allah had recognized his pure intention and officially accepted his act of forgiveness as a highly rewarded charity. (Seerat Ibn Hisham (Vol. 2, p. 516) and Zaad al-Ma'ad by Ibn al-Qayyim (Vol. 3, p. 461), authentic.)

4. This also means, reciting the Quran and gifting it to the dead is permissible. Ibn Taymiyyah held that opinion. In our contemporary Ulama, Shaykh Muhammad bin Saleh Al-Uthaymeen said that it was permissible to gift deeds to the dead.""",Irrelevant,ענה-יה אך;הודיה עופרי,,,,,,,,,,,,,,,Irrelevant,,,,,,Irrelevant,,,,,,0.0022362312,0.89575344,0.10201037
c45xtp6u0,"No wonder he says Gazan women arent martyrs

Bro is fed so many shekels he became an absolute bowling ball",Irrelevant,בנימין ווליך,,,,,,,,,,,,,Irrelevant,,,,,,,,,,,,,,0.0007442377,0.0097958855,0.9894599
mu85hd3nr,"""""Cihad insan sosyalletirir. 
""
--------------

Mountains upon mountains,
The men and the place where the spark was lit that awakened a generation
Tora Bora",Salafi jihadi,ענה-יה אך,,,,,,,,,,,,,,,,,,,,,Salafi jihadi,ז. תמיכה בארגוני טרור; ו. תמיכה או ציטוט של דמויות סלפיות ג׳האדיות מוכרות; ג. קריאה לג׳האד התקפי (לא הגנתי),,,,,0.00015523208,0.00061830174,0.99922645
yit4by3kr,"""192  Avoid the One Who Opposes the People of the Book and the Sunnah

Avoid the one who shows enmity toward the people of the Book and the Sunnah, lest his loss infect you as well.

193  Beware of Two Enemies

Beware of two enemies by whom most of creation have been destroyed:

One who turns people away from the path of Allah through his doubts and the embellishment of his speech.

And one who is infatuated with his worldly life and leadership.

Ibn al Qayyim ""al Fawaid""""",Irrelevant,הודיה עופרי;אילון כהן,,,,,,,,,Salafi taklidi,,,,,,Irrelevant,,,,,,,,,,,,0.009103398,0.94007045,0.050826065
c0df5c4sj,My full name is Hayydar von Idlib,Irrelevant,הודיה עופרי;הילי חכמי,,,,,,,,,,,,,,,Irrelevant,,Irrelevant,,,,,,,,,,0.0073730927,0.030260287,0.9623666
2lzpe0upi,"After bringing multiple Ahadth to prove that Allah Speaks with a sound, Imm al-Bukhr says:

Allah calls out with a sound. Those who are far can hear it just as those who are near can hear it. And this is only for Allah.",Salafi taklidi,בנימין ווליך;צבי גופרי,,,,,,,,,,,,,Salafi taklidi,,,,,,,,,,Salafi taklidi,,,,0.00085319474,0.08202555,0.91712123
gaz6oiozs,"""Found it, may Allah preserve and free our Shaykh Muhammad Saalih al-Munajjid.",Salafi taklidi,הודיה עופרי;אילון כהן,,,,,,,,,Salafi taklidi,,,,,,Salafi taklidi,,,,,,,,,,,,0.010281998,0.9886234,0.0010945577
004foo0o4,"""""   

We ask Allah to guide and rectify all of our affairs.

Due to recent matters and the lack of a clear public stance regarding the situation surrounding Abu Iyad, which has had an impact on the community, a decision has been made in accordance with what we believe is in the best interest of the Ummah. As Muslims, when clarity comes to us, it is upon us to stand firmly upon it.

Effective immediately, our brother Kashif Khan will no longer serve as the Imam or teacher of our masjid.

For any questions or concerns, please direct them to the administration.

  ""
""
--------------

To the saved sect , honest question. 

What is the basis for boycotting someone who doesnt speak on an individual? Keep in mind, im not referring to major innovators",Salafi taklidi,אריאל כהן;בנימין ווליך,,,,,,,,,,,Salafi taklidi,,Salafi taklidi,,,,,,,,,,,,,,0.0021593892,0.9948719,0.0029687057
kxbx2319i,"""Sheikh Ibn Baz   said: When I lost my sight as a child, I heard my aunt say to my mother, thinking I was asleep, ""Poor Abdul Aziz, how will he get a job to support himself?"".

- He later became the Grand Mufti of the Kingdom, Chairman of the Council of Senior Scholars, Chairman of the Islamic Jurisprudence Academy, and winner of the King Faisal Prize for Service to Islam""",Irrelevant,אריאל כהן,,,,,,,,,,,Irrelevant,,,,,,,,,,,,,,,,0.24710129,0.738878,0.014020688
nxftd8wjz,"""in srail boyutunu getim bu adam sabahtan akama kadar filistin savunsa bile neden bir mslman sevsin ki?
Bu adamn itikad olarak 28 ubatlardan farkl olduunu mu sanyorsunuz?
Azerbeycanda kamuda bartsnn yasak olduunu bu adamn laik, ii  bir diktatr olduunu bilmiyor musunuz?""",Irrelevant,הילי חכמי,,,,,,,,,,,,,,,,,Irrelevant,,,,,,,,,,0.0032705758,0.006829264,0.98990005
x71yi6r4y,"""Sh Muqbil rh confirmed around 30 years that Saudi Arabia was the graveyard of scholars &amp; dut &amp; they had more than 500 of them locked up

May Allah set them free

- Sh Nasir Fahd
- Sh Sulayman Alwan
- Sh Ali Khudayr


He also confirmed the Saudi gov wanted to destroy Yemen",Salafi jihadi,אריאל כהן;אילון כהן,,,,,,,,,Salafi jihadi,ו. תמיכה או ציטוט של דמויות סלפיות ג׳האדיות מוכרות,Salafi jihadi,ו. תמיכה או ציטוט של דמויות סלפיות ג׳האדיות מוכרות,,,,,,,,,,,,,,,0.9964085,0.0013203099,0.0022712683
1tre4jk3o,"""ATTENTION MUSHRIKEEN: Where do you stand from the Ayt of Allah

The Mushrikeen of Quraysh vs The Mushrikeen of Nowadays: Whats the Difference? [if any]

1) The Mushrikeen of Quraysh believed that Allah was the Creator of all things:

And if you were to ask them: ""Who has created the heavens and the earth and subjected the sun and the moon?"" they will surely reply: ""Allh."" How then are they deviating (as polytheists and disbelievers)?

[29:61]""",Salafi taklidi,בנימין ווליך,,,,,,,,,,,,,Salafi taklidi,,,,,,,,,,,,,,0.99412835,0.0055799535,0.0002915954
qyrpxcmhe,"""Ahlul Bayt TV is most popular Shia ""Islamic"" TV channel in English with millions of viewers -it is as mainstream as it can get.

Watch how some top ""scholars"" teach the masses how to do a common shia ""salah"" where they fall in sujud &amp; DIRECTLY PRAY TO Fatima (ra) *in sujud*",Irrelevant,הודיה עופרי,,,,,,,,,,,,,,,Irrelevant,,,,,,,,,,,,0.0069070314,0.966821,0.026271975
5v6160vqg,"Sheikh Muhammad ibn 'Abd al-Wahhab   : 

There is no difference in all these nullifiers between the one who is joking, the one who is serious, and the one who is fearful, except for the one who is coerced.

[      /  ]",Irrelevant,זיו חסון,,,,,,,,,,,,,,,,,,,Irrelevant,,,,,,,,0.0039350637,0.029395014,0.9666699
8bpenucbi,"""Alhamdulillah, Allah rid this earth of one of the heads of deviance and Zandaqa. A day of joyous celebration for Ahlul Sunnah. The Salaf would rejoice at the death of a known Mubtadi, who spread his deviance. What then do you think they would have done, for the one who was the pioneer of legitimizing the governing of, and being subservient slaves and attack dogs of the Tawagheet? I ask Allah to give him and all those who follow his deviated path, and likewise those who asked Allah to have mercy on him  what they deserve.""",Salafi jihadi,הודיה עופרי;אילון כהן,,,,,,,,,Salafi jihadi,א. האשמה בכפירה של שליטי ערב; ד. תמיכה בתכפיר קולקטיבי,,,,,Salafi jihadi,ח. אחר,,,,,,,,,,,0.98075587,0.018995054,0.00024899966
qok9w9nfq,""" | Filistin'in El Halil blgesinde uluslararas gazetecilerin ektii bir kare:",Irrelevant,ענה-יה אך;זיו חסון,,,,,,,,,,,,,,,,,,,Irrelevant,,Irrelevant,,,,,,0.00039618817,0.0005591509,0.9990446
4383wq15u,"""""Believing that touching each other is Haram, because they're not married yet, the couple put on their rings in a contactless manner. 


""
--------------

Hows about you just leave off imitation of the kuffar",Irrelevant,צבי גופרי,,,,,,,,,,,,,,,,,,,,,,,Irrelevant,,,,0.005488129,0.4870049,0.50750697
75zd7rt6p,""" Shaykh Taqiuddin Al Hilali 

""There is no doubt that anyone who turns away from book of Allah and Sunnah of his Messenger, and replaces them with Man Made laws  is a Kafir with Kufr that expels him from Religion.""",Salafi taklidi,הילי חכמי,,,,,,,,,,,,,,,,,Salafi taklidi,,,,,,,,,,0.9978351,0.001886015,0.00027893847
6fq3l46sn,"""Imam Ala'addin Al Mardawi Al Hanbali   (died 885 AH)  mentioned about the Khattabiya sect and he even cursed them and the founder (Abu Khattab LA).",Irrelevant,אריאל כהן;ענה-יה אך,,,,,,,,,,,Irrelevant,,,,,,,,,,Irrelevant,,,,,,0.0020827365,0.032090146,0.96582717
pii2dctdq,"""Ibn al-Qayyim mentions similar point as Shaykh Khlid, but in a different context:

This interpretation is weak, because the mere act of denying it is disbelief, whether one rules by it or does not rule.",Salafi taklidi,אילון כהן;זיו חסון,,,,,,,,,Salafi taklidi,,,,,,,,,,Salafi taklidi,,,,,,,,0.03165978,0.945282,0.02305827
98iqozxqt,"""""This is actually terrifying. 
""
--------------

Alhamdulillah for the mercy of Islam
Imagine believing in bs like this because you dont know the purpose of your life 
Alhamdulillah, thumma alhamdulillah
We often forget how lucky we are
May Allah let us die upon Islam and may we not be near these morons on the Day of Judgement",Irrelevant,ענה-יה אך,,,,,,,,,,,,,,,,,,,,,Irrelevant,,,,,,0.001236472,0.14753655,0.851227
djxl4yhth,"Stand Firm Upon The Truth 
Shk. Rabee' (rahimahullh):
'For indeed, the truth is above all and greater than all...'",Salafi taklidi,צבי גופרי,,,,,,,,,,,,,,,,,,,,,,,Salafi taklidi,,,,0.0017745532,0.05660328,0.9416222
digl2utm2,From breaking idols to selling idols.,Irrelevant,הודיה עופרי,,,,,,,,,,,,,,,Irrelevant,,,,,,,,,,,,0.00015135048,0.0016546753,0.9981939
i4bpirrvb,"""Whoever says that the seventy-two sects have all committed kufr in a way that puts them beyond the pale of Islam has gone against the Quran, Sunnah""",Salafi taklidi,זיו חסון;בנימין ווליך,,,,,,,,,,,,,Irrelevant,,,,,,Salafi taklidi,,,,,,,,0.87220013,0.0031812633,0.12461861
ywwnrlge3,"Some madkhalis are loyal to scholars and therefore are not willing to accept the kufr of the rulers, whilst others are secularist slaves who will attack any scholar who speaks against their deities.",Salafi jihadi,הודיה עופרי,,,,,,,,,,,,,,,Salafi jihadi,ביקורת על סלאפים תקלידיים,,,,,,,,,,,0.9986607,0.001080656,0.0002586865
vyh5ltyj4,"""""He forbade Takfiring all the rulers

He made Tabdi on OBL, Muhammed Hassan, al Awdah, Al Huwayni, Safar al Hawali and so many others

He Tabdid everyone with your methodology

He has 40 mins defending Saudi after retracting

If this was anyone else hes be a Madkhali bootlicker 
""
--------------

He lived in Yemen in his village with barely any contact with the outside world, he didnt concern himself with rulers so o dont think he even knew the state of the rulers around the world.
Yet he knew the Americans were in control.
Obl was on another level to these scholars.",Salafi jihadi,הילי חכמי,,,,,,,,,,,,,,,,,Salafi jihadi,ו. תמיכה או ציטוט של דמויות סלפיות ג׳האדיות מוכרות,,,,,,,,,0.9964709,0.0018641122,0.0016649126
gxlnajg1j,"""""Leader Gamal Abdel Nasser.

Spinning in his grave. Every one of his successors have betrayed his legacy. Egypt is now a U.S/Israeli controlled puppet regime. 
""
--------------

Everything today IS his legacy 
May Allah fill his grave with fire and everyone still admiring this zindiq can go to hell with him too",Salafi jihadi,בנימין ווליך,,,,,,,,,,,,,Salafi jihadi,א. האשמה בכפירה של שליטי ערב,,,,,,,,,,,,,0.98402077,0.0012788606,0.014700313
ltlv2rlfo,"""@HalalkhorSingh @synszo You cant rage bait your way out of this 

We know see how mr respectfully has become disrespectful and angry 

Lets make it easy for you 

Show me where guru nanak gave an age of Conscent ? 

Why is guru Nanak giving durood to prophet Muhammad saw ??",Irrelevant,צבי גופרי,,,,,,,,,,,,,,,,,,,,,,,Irrelevant,,,,0.012896639,0.850841,0.1362624
sakt29k30,"""""My brother Amjad Youssef didnt do anything wrong; hes just a first sergeant, 
This is what Amjads sister said. 
""
--------------

People like this wh0re are exactly why nusayris have no rights to exist. Its permissible to m*tilate them all, not a single one should be spared. Druze can hold it too",Irrelevant,הילי חכמי;אריאל כהן,,,,,,,,,,,Irrelevant,,,,,,Salafi jihadi,ד. תמיכה בתכפיר קולקטיבי,,,,,,,,,0.010015614,0.0024232357,0.98756117
m7audm5dh,"""al-Tahawi attributes the possibility of taqiyya before al-Kawthari does btw.""",Irrelevant,בנימין ווליך;צבי גופרי,,,,,,,,,,,,,Irrelevant,,,,,,,,,,Irrelevant,,,,0.0056530484,0.10275057,0.89159644
akujbnj9d,Donkeys of the rulers,Irrelevant,אילון כהן,,,,,,,,,Irrelevant,,,,,,,,,,,,,,,,,,0.12007603,0.018778311,0.8611456
aslr15omn,"""""In a country in which tawheed is known, is the one who makes sujud to a grave excused by ignorance? 

The authors answer in summary, this is a matter of difference of opinion/ijtihad among the scholars, some make takfir and some dont.

He takes the opinion of Udhr bil Jahl. 
""
--------------

Absolutely, may Allah bless the shaykh. 

Many of our scholars are more nuanced than some of the clueless brothers we have that have extremely black and white thinking",Salafi taklidi,הילי חכמי;אריאל כהן,,,,,,,,,,,Salafi taklidi,,,,,,Salafi taklidi,,,,,,,,,,0.011409827,0.98788804,0.0007020584
pgttvo6zi,"""Imam Yazid bin Abd Allah al-Basri said:

I read in a book stating that any Muslim who goes to one of the marketplaces and remembers Allah there, Allah will record for him good deeds according to the number of people in the market...

[al-Zuhd of Abd Allah bin al-Mubarak]",Irrelevant,ענה-יה אך,,,,,,,,,,,,,,,,,,,,,Irrelevant,,,,,,0.0006327378,0.013272143,0.9860951
zejxwtr6f,"""""four madhabs lived together in harmony.

The apparent unity mahhib have brought to the ummah:

Here is a picture of the maqamt of each Mahab.(destroyed in 1925) each Mahab would make alh behind their respective place. As reported by ibn Jubayr and others. 
""
--------------

All of this ""unity"" nonsense they talk about.  They say "" l madhabs"" brought disunity to the ummah, BUT history shows that the madhabists all 4 hated eachother and at times even killed and beat one another.",Irrelevant,אריאל כהן,,,,,,,,,,,Irrelevant,,,,,,,,,,,,,,,,0.008555209,0.8503898,0.141055
vngl39xz8,"""""The late Muhaddith of Yemen, Shaykh Muqbil bin Hadi al-Wadi'i said: Al-Ikhwan al-Muslimin are Sha regarding the issue of Imammah, and Mutazilah regarding the issue of opinion, and Khawarij in their dealings with the rulers.

    ""
""
--------------

Your Sheikh said that rulers doing Shirk: 
 And shirk is evolving these days, such as in the Security Council, to which Muslim rulers resort for judgment, and resorting to it is Shirk and Kufr. And resorting to the United Nations is Shirk  and Kufr",Salafi jihadi,זיו חסון,,,,,,,,,,,,,,,,,,,Salafi jihadi,א. האשמה בכפירה של שליטי ערב; ביקורת על סלאפים תקלידיים,,,,,,,0.991302,0.0060539455,0.0026439875
2oz0vo3nl,"""Last week I presented to you Madkhali Trannies

Today I present to youMadkhalis Feminists",Salafi jihadi,ענה-יה אך;הודיה עופרי,,,,,,,,,,,,,,,Salafi jihadi,ביקורת על סלאפים תקלידיים,,,,,Irrelevant,,,,,,0.7396342,0.036295623,0.22407018
7xobpddtv,"""BREAKING: The U.S. appears to have ended its military presence in Syria with the last convoy leaving the Qasrak base in the northeast. 

Control of the area is now shifting to Syrian forces.

This effectively ends the U.S. ground presence that began in 2014.",Irrelevant,הודיה עופרי,,,,,,,,,,,,,,,Irrelevant,,,,,,,,,,,,0.00022910004,0.00026987426,0.999501
kg8f6306o,"""""Make new friends, but keep the old.

A new photo captures the Moon's near side on the right (the side we see from Earth, identifiable by its dark splotches) and its far side on the left. The Artemis II crew are the first to see the far side with human eyes. 
""
--------------

I dont know if moon landing is real or not but what I find strange is all symbolism surrounding NASA
Plus being associated with occultists like Parsons
Reminds me of Firaun
O Haman build me a high tower so I may reach pathways leading up to heavens and look for the God of Musa",Irrelevant,בנימין ווליך,,,,,,,,,,,,,Irrelevant,,,,,,,,,,,,,,0.00025381127,0.0011551683,0.998591
1lfvkk3nh,"""Abu Bakr, without any iota of doubt.

It is a matter upon which the scholars have long agreed. Whenever a virtue is found that distinguishes one of the Companions, you will find that Abu Bakr possessed an even greater share of that very quality.

When patience and generosity are mentioned, the mind often turns to Uthman. Abu Bakr combined both virtues in a measure even more remarkable.

When the knowledge of Hadith is discussed, one immediately thinks of Abu Hurayrah. Abu Bakr knows unimaginably more Hadith than Abu Hurayrah

And when courage, firmness, and resolve in the face of criticism are praised, names such as Umar, Ali, Khalid, and others naturally arise. Wallai, even among these towering figures, Abu Bakr remains ahead of them all.

He is the finest of mankind after the Prophets.
May Allah be pleased with him and with all the noble Companions. Ameen""",Irrelevant,אריאל כהן;ענה-יה אך,,,,,,,,,,,Irrelevant,,,,,,,,,,Irrelevant,,,,,,0.0029459246,0.9534362,0.043617938
1btl8cufi,"""I've mentioned countless times, but the state of Adab and Akhlaq, as well as Tazkiyyahtul Nafs amongst the majority of people online who call themselves students of knowledge is abysmal.""",Irrelevant,הילי חכמי;אריאל כהן,,,,,,,,,,,Irrelevant,,,,,,Irrelevant,,,,,,,,,,0.013902081,0.98382956,0.0022683237
ytv3xaf7f,"""i wonder if this ignoramus, will be laughing when shaykh ibn baz and al-rajihi and other than them said the same. or any of the najdi scholars. this fool who has masquerading as a salafi when in reality he is amongst the worst of murji'ah on this app who lies and distorts the matter of udhr bil jahl to reject the outward ruling. rather he is on the manhaj of dawud ibn jirjis. which we will show on replies.",Salafi jihadi,צבי גופרי;הילי חכמי,,,,,,,,,,,,,,,,,Salafi jihadi,ביקורת על סלאפים תקלידיים,,,,,Salafi jihadi,ביקורת על סלאפים תקלידיים; ד. תמיכה בתכפיר קולקטיבי,,,0.15411747,0.844659,0.0012236041
s6aupaqet,"""Talk this Saturday after Salatul Maghrib (7.49pm) insha'Allah by Sheikh Abubakar Al-Khalafi: Missing Ramadan. All welcome!",Salafi taklidi,בנימין ווליך,,,,,,,,,,,,,Salafi taklidi,,,,,,,,,,,,,,0.0034596496,0.015873713,0.9806666
73ah7nfl7,"This is the modus operandi of Jojo and his circle since they came into the scene over a decade ago 
Doing this with everyone
For whatever reasons, I dont care 
Noble or not, as we judge by the apparent 
May Allah protect Sheikh Abdurrazaq al Mahdi",Irrelevant,הילי חכמי,,,,,,,,,,,,,,,,,Irrelevant,,,,,,,,,,0.40721548,0.54235053,0.050433997
zkldl73zl,"""     

Narrated Aisha raiya llhu an-ha : 

With the start of the last ten days of Ramadan, the Prophet () used to tighten his waist belt (i.e. work hard) and used to pray all the night, and used to keep his family awake for the""",Irrelevant,בנימין ווליך,,,,,,,,,,,,,Irrelevant,,,,,,,,,,,,,,0.00042929102,0.0051032766,0.9944674
daa8egy60,"""The Scholars of the Tawagheet",Salafi jihadi,הילי חכמי,,,,,,,,,,,,,,,,,Salafi jihadi,ב. ביטויי גנאי או האשמה בכפירה של חכמי הלכה,,,,,,,,,0.30506697,0.673852,0.021081014
8yprdmpg2,for its sake. He may even pledge to fight alongside them if the army of Islm advances upon a kafir country to confront their army  because he has become a soldier for the enemies of Allh.,Salafi taklidi,בנימין ווליך;צבי גופרי,,,,,,,,,,,,,Skip,לא ברור אם הוא נגד מדינה מוסלמית כופרת או סתם מדינה מערבית ואני מתלבט האם יציאה נגד מדינה מערבית נחשב מוטיב סלאפי גיהדי מובהק,,,,,,,,,Salafi jihadi,ג. קריאה לג׳האד התקפי (לא הגנתי),,,0.9961455,0.0030420192,0.00081253686
q46h6mp0b,Yes may Allah reward them for clarifying the disbelief of the rulers who abandon the sharia.,Salafi jihadi,הילי חכמי,,,,,,,,,,,,,,,,,Salafi jihadi,א. האשמה בכפירה של שליטי ערב,,,,,,,,,0.9919451,0.007530838,0.00052407524
nfogx9412,"One of the people of knowledge said a while back that the Madkhalis will keep splitting &amp; fighting each other until there is no one left on the Manhaj. This is what we see today, constant internal refutations &amp; bickering over issues that arent even foundational.",Salafi jihadi,אילון כהן;אריאל כהן,,,,,,,,,Salafi taklidi,,Salafi jihadi,ביקורת על סלאפים תקלידיים,,,,,,,,,,,,,,,0.13073501,0.010951448,0.8583136
umy6areyw,"""      

Allahumma innaka afuwwun tuhibbul afwa fafu anni

O Allah, You are Most Forgiving and love forgiveness, so forgive me.""",Irrelevant,אריאל כהן,,,,,,,,,,,Irrelevant,,,,,,,,,,,,,,,,0.00017351484,0.0006959404,0.99913055
do4zbggso,"""Bu yzyln tuyan, istikbar ve ifsat merkezli iki ncs olan ABD ve srail, masaya oturmay kabul etmekle byk bir yenilgiyi kabul etmilerdir.

Antlamann ierii veya verdikleri szlere sadk kalp kalmayacaklar meselesi bir yana; masaya oturmay dahi kabul etmi olmalar, her iki ifsat odann burnunun srtldn ve ran karsndaki malubiyetlerinin tescillendiini gstermektedir. Aradaki g dengesi ve savaa baladklar ilk gnlerde kullandklar dil, masaya oturmann dahi onlar asndan bir yenilgi olduunun kantdr.

Onlarn dokunulmaz, yenilmez ve 'l ysel' (sorgulanamaz) olmadklarn nce Irak ve Afganistanda, imdi de ran karsnda gsteren Allaha hamdolsun. Zira tarih, kibrin zirvesindeyken gelen bu tr sarsntlarn, aslnda sonun balangc olduunu defalarca kantlamtr.

Tarihteki byk imparatorluklar hep bu seyirle yok olmulardr: Kk yaralar, st rtlen yenilgiler ve 'yklmadk, ayaktayz' sylemleri eliinde peyderpey zayf dm; nihayetinde ldrc bir darbeyle tarihin tozlu sayfalarnda birer ibret vesikasna dnmlerdir.""",Irrelevant,זיו חסון;בנימין ווליך,,,,,,,,,,,,,Irrelevant,,,,,,Irrelevant,,,,,,,,0.0019147894,0.003199487,0.99488574
1o3d4n28d,"""Another beneficial weekend with the community in Cardiff @TawheedCardiff covering Imam Sadis treatise. 

Remarkable efforts from the brothers and sisters.

A number of the youth who led the Prayer memorized the Quran under the teachers there.

May Allah bless and preserve them.",Salafi taklidi,הילי חכמי,,,,,,,,,,,,,,,,,Salafi taklidi,,,,,,,,,,0.00013123643,0.9997434,0.0001252974
b46am9xht,"NGL link that is shared by brothers and sisters, do you know that it collects all kinds of data including you online activity on your phone. 

Don't trust every app that you download and avoid this app.",Irrelevant,אילון כהן,,,,,,,,,Irrelevant,,,,,,,,,,,,,,,,,,0.00027283255,0.003582713,0.9961444
50ssf0p8p,"""Ab Bakr al-Rz al-Jassss makes takfir of Abd al-Malik ibn Marwn and al-ajjj ibn Ysuf:

There was not among the Arabs, nor among the family of Marwn, anyone more unjust, more disbelieving, or more wicked than Abd al-Malik;""",Salafi jihadi,זיו חסון;בנימין ווליך,,,,,,,,,,,,,Salafi jihadi,א. האשמה בכפירה של שליטי ערב,,,,,Salafi jihadi,ח. אחר,,,,,,,0.017617276,0.08113919,0.9012435
9c3cuqed4,"""""Neither you nor that Pakistani nationalist scum has any moral high ground. Taliban also supported India on Kashmir and condemned Pahalgram . Pakistani nationalists supported Kuffar Han Chinese over Muslim Uyghurs. Two sides of the same coin both of you .""
""
--------------

Your forefathers literally allied with Mushrikeen against Pakistan in 1971, that's how Bangladesh was created.

Sit down DumbRandomGuy jamati",Irrelevant,צבי גופרי;הילי חכמי,,,,,,,,,,,,,,,,,Irrelevant,,,,,,Irrelevant,,,,0.9855747,0.0004721138,0.013953189
sd2ihf26m,"""""Yes, early Christians prayed for intercession of the Virgin Mary. Preserved on a papyrus, dating to AD 250, includes the following:
""Mother of God, hear my supplications: do not allow us to remain in adversity, but deliver us from danger."" 
""
--------------

According to Daniel Haqiqatjou, this is  pure tawhid",Irrelevant,זיו חסון;בנימין ווליך,,,,,,,,,,,,,Irrelevant,,,,,,Irrelevant,,,,,,,,0.0014036462,0.047105204,0.9514912
vdd383zmd,"""Before altal-Maghrib [4] @taqwatravels",Irrelevant,ענה-יה אך,,,,,,,,,,,,,,,,,,,,,Irrelevant,,,,,,0.0006767746,0.041117713,0.95820546
mbnzw5lq6,"Im excited tell you that @GOSHCharity has launched their Christmas Appeal! Help spread festive cheer to the children, families and staff at GOSH by sending a special Christmas stocking message and donation if you can:  Thank you",Irrelevant,הודיה עופרי;הילי חכמי,,,,,,,,,,,,,,,Irrelevant,,Irrelevant,,,,,,,,,,0.00065326574,0.9240387,0.0753081
1gbsklul5,"You dont need scholarly opinions on every single matter. Some niggas need to stop being sheep and use their own brains

Bring back interdisciplinary studies and maximising critical thinking",Irrelevant,צבי גופרי,,,,,,,,,,,,,,,,,,,,,,,Irrelevant,,,,0.00016978607,0.0022011758,0.997629
94g3b0zab,"""The legislator is a Kaafir, whether he makes Istihlaal or not. The legislator who has made himself a rival to Allah is His right of legislation &amp; legislates man made laws that oppose the Shari'ah of Allah, is a Kaafir.",Salafi jihadi,ענה-יה אך,,,,,,,,,,,,,,,,,,,,,Salafi jihadi,ד. תמיכה בתכפיר קולקטיבי,,,,,0.4736104,0.509321,0.017068611
vvnjw81td,"""@maghribii16 This is simply not true! JNIM also mobilized fighters from central Mali and Burkina Faso and fought alongside Tuareg Sahawat MSA and GATIA.

Nevertheless, IS-Sahel was able to defeat both JNIM and the Tuareg Sahawat at Menaka in 2023:",Salafi jihadi,ענה-יה אך;הודיה עופרי,,,,,,,,,,,,,,,Irrelevant,,,,,,Salafi jihadi,ז. תמיכה בארגוני טרור,,,,,0.96141684,0.0010885841,0.037494607
tuddbzfzn,"""Who is a Sunni? @hikmahpubs 

A response to those who say you have to be Ashari, Sufi.",Salafi taklidi,אריאל כהן;בנימין ווליך,,,,,,,,,,,Salafi taklidi,,Salafi taklidi,,,,,,,,,,,,,,0.00039959935,0.048872832,0.9507276
3t2gs3yhn,"""""

Thanks for the info ig""
""
--------------

Does anyone want to try my formula? Itll help satisfy you",Irrelevant,הודיה עופרי,,,,,,,,,,,,,,,Irrelevant,,,,,,,,,,,,8.505274e-05,0.0009138382,0.9990012
bqf88a3dw,"""Dear brother Adnan

And then will probably start attacking wahabis and accuse our ulema of kufr.

lol""",Salafi taklidi,צבי גופרי;הילי חכמי,,,,,,,,,,,,,,,,,Salafi taklidi,,,,,,Salafi taklidi,,,,0.9984701,0.0007779249,0.00075194053
f5f0eyjig,Madkhalis are so mentally effed its unbelievable.,Salafi jihadi,בנימין ווליך,,,,,,,,,,,,,Salafi jihadi,ג. קריאה לג׳האד התקפי (לא הגנתי); ד. תמיכה בתכפיר קולקטיבי; ביקורת על סלאפים תקלידיים,,,,,,,,,,,,,0.9964978,0.0009365994,0.0025656926
c4k1xgtta,I hope whoever deals with the uae also publicly executes this munafiq aswel,Irrelevant,צבי גופרי,,,,,,,,,,,,,,,,,,,,,,,Irrelevant,,,,0.9923577,0.005351913,0.0022904172
xfinb6ufa,"""It should be clear for everyone that individuals such as Ali Gomaa, Ahmad at-Tayyib, Habib Ali Jifri &amp; their likes have a close to infallible status amongst many. All of their criminal actions &amp; statements are swept under the rug &amp; they are respected as religious authorities.""",Irrelevant,צבי גופרי,,,,,,,,,,,,,,,,,,,,,,,Irrelevant,,,,0.9984842,0.0012321904,0.0002836463
qqoximw4l,"""@Thawri88 This work is called 
   
Which shaykh Bakr Abu zayd points and clarifies all the slanders and  deceptions Dr Rab Al-Madkhali had accused Syed Qutb of in his previous works",Salafi taklidi,צבי גופרי;הילי חכמי,,,,,,,,,,,,,,,,,Salafi taklidi,,,,,,Irrelevant,,,,0.46597826,0.52987295,0.004148756
v8857y1dz,"""""If you use the name of the Quran and Sunna to further divide the Muslim Umma, then you are doing the work of the devil, regardless of how many times you say things like Akhi, Bukhari says this.""
""
--------------

If you use the name of unity to distort the Quran and Sunnah, then you are doing the work of the devil, regardless of how many times you say Umma. 

True unity is only upon truth, not compromise. Diluting Islam to accommodate every false interpretation and deviant sect in the name of unity is exactly how the devil enters our ranks.",Salafi taklidi,הודיה עופרי,,,,,,,,,,,,,,,Salafi taklidi,,,,,,,,,,,,0.0045148158,0.95802873,0.037456475
isun0nwec,"""""Someone who I know very well said to me, this Ramadan his old uncle who's a Salafi was beat up by the taliban because he said "" Ameen "" loud behind the (Hanafi) Imam. The uncle's eyes were swollen when he saw him. 
This was in Jalalabad,  Nangrahar. 

May Allah protect Salafis""
""
--------------

The talib Sufi regime leader,  speaking against Salafis and their dawah.

They think ahl al-Hadith are the ones who create division but infact its their fanatcism that create divisions in the country which lead to oppression of the Salafis in the country in the last 4 years.",Salafi taklidi,אילון כהן,,,,,,,,,Salafi taklidi,,,,,,,,,,,,,,,,,,0.9408521,0.043265548,0.015882429
w7wqmemrn,"Uncle Sulaymaan ar-Ruhayli regarding the Saudi state, You wont find anyone with sound religion &amp; a sound heart except that they love it and pray for it. His associate uncle Abdus Salam as-Suhaymi emphasises, No one opposes it except those who oppose Islam and the Sunnah.",Salafi taklidi,אילון כהן;זיו חסון,,,,,,,,,Salafi taklidi,,,,,,,,,,Salafi taklidi,,,,,,,,0.9491668,0.025931096,0.024902048
70cf3t714,"""""For every Pakistani citizen that wears this counter on their finger during Ramadhan, ask yourself what the crime of this poor recovering addict was to die as he worshiped during this holy month. Your silence will only lead to further civilian deaths at the hands of the tyrants 
""
--------------

Whoevers last words are L ilha ill Allh will enter Paradise

Abu Dawood",Irrelevant,הילי חכמי,,,,,,,,,,,,,,,,,Irrelevant,,,,,,,,,,0.17940481,0.27558148,0.5450137
6ocha8j5f,"""My whole point is, the scholars have differed regarding the issue of Udhr bil Jahl, some dont excuse in shirk akbar regarding the ignorant muslim while others do, so dont let those who throw accusations of Irja bother you at all.""",Salafi taklidi,זיו חסון;בנימין ווליך,,,,,,,,,,,,,Salafi taklidi,,,,,,Salafi taklidi,,,,,,,,0.8372701,0.15861973,0.004110225
cetes83tr,"""""This ends once and for all the crude, crass, stupid imperial Divide and Rule tactic promoting a Sunni-Shi'ite divide. 
""
--------------

I see two Shia and two Qadiyanis standing together",Irrelevant,זיו חסון,,,,,,,,,,,,,,,,,,,Irrelevant,,,,,,,,0.0014708227,0.0005687733,0.99796045
xdrge9icv,"""Al-Zuhri said: I have not seen a people more resembling the Christians than the Sabiyyah. Ahmad ibn Ynus said: They are the Rfiah.

 al-Sharah  al-jurr (5/2530)",Irrelevant,בנימין ווליך;הודיה עופרי,,,,,,,,,,,,,Salafi jihadi,ד. תמיכה בתכפיר קולקטיבי,Irrelevant,,,,,,,,,,,,0.0032329569,0.31051117,0.6862559
5gcggx5ta,"""May Allah have mercy on both of them 

The Hadth master of the Hijz
The Hadth master of Bengl

Both from the subcontinent 
 Abdul Haqq al-Hshim al-Umar  [1392H]
 Mushhid Ahmad Bayampur  [1390H]",Salafi taklidi,צבי גופרי,,,,,,,,,,,,,,,,,,,,,,,Salafi taklidi,,,,0.0032778112,0.9913892,0.005332981
o4h5a4ybw,"Democracy is a Taghut and the Muslim must believe in his heart that it is falsehood, he must leave it and hate it. As for it's people, he must hate them and make takfir on them because the people of Democracy are Kuffar.

- Shaykh Ali al-Khudayr (  )",Salafi jihadi,זיו חסון;בנימין ווליך,,,,,,,,,,,,,Salafi jihadi,א. האשמה בכפירה של שליטי ערב; ביקורת על סלאפים תקלידיים; ו. תמיכה או ציטוט של דמויות סלפיות ג׳האדיות מוכרות,,,,,Salafi jihadi,ד. תמיכה בתכפיר קולקטיבי; ו. תמיכה או ציטוט של דמויות סלפיות ג׳האדיות מוכרות,,,,,,,0.6183471,0.37547818,0.0061747027
7uprm4b0k,"""Hasan al-Basri   said:

""Increase in seeking forgiveness (istighfar), for you do not know when mercy will descend.""

[Lata'if al-Ma'arif by Ibn Rajab, 1/232]""",Irrelevant,אריאל כהן;ענה-יה אך,,,,,,,,,,,Irrelevant,,,,,,,,,,Irrelevant,,,,,,0.00034747884,0.004599715,0.9950529
99d9rkgtq,"""""@SamiYousafzaii Actually, this has a full context. Initially, he desperately tried to mend ways with Emirate &amp; sent a top scholar/friend of Mulla Umar to woo them on TTP.But he was disrespectfully kicked out of Afg.Then videos of Talib ministers openly threatening &amp; cursing Paks were sent to him""
""
--------------

Brigadier Abdul Rahim was never a friend of Mullah Umar Rh. Mujahideen leaders like Sh Osama Rh even used to warn against him back then.

Get your facts straight.",Salafi jihadi,זיו חסון;בנימין ווליך,,,,,,,,,,,,,Salafi jihadi,ז. תמיכה בארגוני טרור; ח. אחר,,,,,Salafi jihadi,ו. תמיכה או ציטוט של דמויות סלפיות ג׳האדיות מוכרות,,,,,,,0.99808335,0.0009847778,0.00093181425
bpqm11ot2,"""@Ceo_Muhaymin Salahudin ayubi was a Sufi sunni by aqeedah, he would obliterate Saudi wahabi regime""",Irrelevant,הילי חכמי;אריאל כהן,,,,,,,,,,,Irrelevant,,,,,,Irrelevant,,,,,,,,,,0.9986362,0.0008317806,0.00053201173
oacuejisj,"""Shaykh Bakr Abu Zayd mentions a notable detail about Shaykh al-Islam Ibn Taymiyyah:

There are rarely any scholars who have had as many biographies written about them by their students as Imam Ibn Taymiyyah, with seventeen of his pupils each authoring a biography about him.",Salafi taklidi,זיו חסון;בנימין ווליך,,,,,,,,,,,,,Salafi taklidi,,,,,,Salafi taklidi,,,,,,,,0.0011084126,0.9986613,0.00023035577
4tc62ublc,"""Ten Wisdoms Behind Why al-Imm al-Bukhr Repeats Adth in His a",Irrelevant,הילי חכמי;אריאל כהן,,,,,,,,,,,Irrelevant,,,,,,Irrelevant,,,,,,,,,,0.0028799202,0.9533827,0.043737482
u1rx93hoe,"""What to watch tonight: #GBBO champion @BegumNadiya is back radiating joy, wholesomeness and energy in #NadiyasSimpleSpices - which is a delicious, uplifting show even for non-cooks. 8pm on BBC Two",Irrelevant,הילי חכמי,,,,,,,,,,,,,,,,,Irrelevant,,,,,,,,,,0.0006872465,0.85790914,0.14140357
najjjd285,"""#ISIS #AlQaeda #Iran
After focusing on Syria in its 21 Feb leadership message, urging rival Islamists to join IS due to the Sharaa government's alleged subservience to US, IS has shifted its attention to Al-Qaeda. 

In the latest issue of its weekly paper Al-Naba on 26 Feb, IS claims Al-Qaeda is subservient to Iran, encouraging Al-Qaeda followers/sympathisers to wake up, and presumably switch to IS instead.

IS points to Al-Qaedas 4 Feb message, which called for attacks against US military bases in the Middle East, as evidence of this alleged loyalty to Iran. 
Many anti-Al-Qaeda  jihadist as well as analysts at the time interpreted this call as a sign of Al-Qaedas indirect alignment with Iran, particularly since Al-Qaeda leadership is believed to be based there.

By trying to discredit both Al-Qaeda and the Sharaa government in Syria - the rival global jihadist project and the pragmatic Islamist project, respectively - IS aims to position itself as the only true Muslim group that remains committed to Sharia and that has not allegedly compromised for political gains. 

IS wants to paint itself as the righteous choice for those seeking a genuine Muslim cause""",Salafi jihadi,אריאל כהן;ענה-יה אך,,,,,,,,,,,Salafi jihadi,ז. תמיכה בארגוני טרור,,,,,,,,,Salafi jihadi,ז. תמיכה בארגוני טרור,,,,,0.012423465,0.0010166165,0.98656
jjkb1n37s,"""Uncle Sulaymaan ar-Ruhayli regarding the Saudi state, You wont find anyone with sound religion &amp; a sound heart except that they love it and pray for it. His associate uncle Abdus Salam as-Suhaymi emphasises, No one opposes it except those who oppose Islam and the Sunnah.",Salafi taklidi,אילון כהן;זיו חסון,,,,,,,,,Salafi taklidi,,,,,,,,,,Salafi taklidi,,,,,,,,0.80132145,0.00601446,0.1926641
